CREATE DATABASE  IF NOT EXISTS `bonobo` /*!40100 DEFAULT CHARACTER SET latin1 */;
USE `bonobo`;
-- MySQL dump 10.13  Distrib 5.5.29, for debian-linux-gnu (i686)
--
-- Host: localhost    Database: bonobo
-- ------------------------------------------------------
-- Server version	5.5.29-0ubuntu0.12.04.2

/*!40101 SET @OLD_CHARACTER_SET_CLIENT=@@CHARACTER_SET_CLIENT */;
/*!40101 SET @OLD_CHARACTER_SET_RESULTS=@@CHARACTER_SET_RESULTS */;
/*!40101 SET @OLD_COLLATION_CONNECTION=@@COLLATION_CONNECTION */;
/*!40101 SET NAMES utf8 */;
/*!40103 SET @OLD_TIME_ZONE=@@TIME_ZONE */;
/*!40103 SET TIME_ZONE='+00:00' */;
/*!40014 SET @OLD_UNIQUE_CHECKS=@@UNIQUE_CHECKS, UNIQUE_CHECKS=0 */;
/*!40014 SET @OLD_FOREIGN_KEY_CHECKS=@@FOREIGN_KEY_CHECKS, FOREIGN_KEY_CHECKS=0 */;
/*!40101 SET @OLD_SQL_MODE=@@SQL_MODE, SQL_MODE='NO_AUTO_VALUE_ON_ZERO' */;
/*!40111 SET @OLD_SQL_NOTES=@@SQL_NOTES, SQL_NOTES=0 */;

--
-- Table structure for table `Tiempos`
--

DROP TABLE IF EXISTS `Tiempos`;
/*!40101 SET @saved_cs_client     = @@character_set_client */;
/*!40101 SET character_set_client = utf8 */;
CREATE TABLE `Tiempos` (
  `idTiempo` int(10) NOT NULL,
  `anio` int(11) NOT NULL,
  `semestre` int(11) NOT NULL,
  `trimestre` int(11) NOT NULL,
  `bimestre` int(11) NOT NULL,
  `mesNumero` int(11) NOT NULL,
  `mesLetra` varchar(15) NOT NULL,
  `semanaMes` int(11) NOT NULL,
  `diaSemanaNumero` int(11) NOT NULL,
  `diaSemanaLetra` varchar(15) NOT NULL,
  `estacion` varchar(10) NOT NULL,
  `fecha` date NOT NULL,
  PRIMARY KEY (`idTiempo`)
) ENGINE=InnoDB DEFAULT CHARSET=latin1;
/*!40101 SET character_set_client = @saved_cs_client */;

--
-- Dumping data for table `Tiempos`
--

LOCK TABLES `Tiempos` WRITE;
/*!40000 ALTER TABLE `Tiempos` DISABLE KEYS */;
INSERT INTO `Tiempos` VALUES (20080101,2008,1,1,1,1,'enero',1,3,'martes','Verano','2008-01-01'),(20080102,2008,1,1,1,1,'enero',1,4,'miercoles','Verano','2008-01-02'),(20080103,2008,1,1,1,1,'enero',1,5,'jueves','Verano','2008-01-03'),(20080104,2008,1,1,1,1,'enero',1,6,'viernes','Verano','2008-01-04'),(20080105,2008,1,1,1,1,'enero',1,7,'sabado','Verano','2008-01-05'),(20080106,2008,1,1,1,1,'enero',1,1,'domingo','Verano','2008-01-06'),(20080107,2008,1,1,1,1,'enero',1,2,'lunes','Verano','2008-01-07'),(20080108,2008,1,1,1,1,'enero',2,3,'martes','Verano','2008-01-08'),(20080109,2008,1,1,1,1,'enero',2,4,'miercoles','Verano','2008-01-09'),(20080110,2008,1,1,1,1,'enero',2,5,'jueves','Verano','2008-01-10'),(20080111,2008,1,1,1,1,'enero',2,6,'viernes','Verano','2008-01-11'),(20080112,2008,1,1,1,1,'enero',2,7,'sabado','Verano','2008-01-12'),(20080113,2008,1,1,1,1,'enero',2,1,'domingo','Verano','2008-01-13'),(20080114,2008,1,1,1,1,'enero',2,2,'lunes','Verano','2008-01-14'),(20080115,2008,1,1,1,1,'enero',3,3,'martes','Verano','2008-01-15'),(20080116,2008,1,1,1,1,'enero',3,4,'miercoles','Verano','2008-01-16'),(20080117,2008,1,1,1,1,'enero',3,5,'jueves','Verano','2008-01-17'),(20080118,2008,1,1,1,1,'enero',3,6,'viernes','Verano','2008-01-18'),(20080119,2008,1,1,1,1,'enero',3,7,'sabado','Verano','2008-01-19'),(20080120,2008,1,1,1,1,'enero',3,1,'domingo','Verano','2008-01-20'),(20080121,2008,1,1,1,1,'enero',3,2,'lunes','Verano','2008-01-21'),(20080122,2008,1,1,1,1,'enero',4,3,'martes','Verano','2008-01-22'),(20080123,2008,1,1,1,1,'enero',4,4,'miercoles','Verano','2008-01-23'),(20080124,2008,1,1,1,1,'enero',4,5,'jueves','Verano','2008-01-24'),(20080125,2008,1,1,1,1,'enero',4,6,'viernes','Verano','2008-01-25'),(20080126,2008,1,1,1,1,'enero',4,7,'sabado','Verano','2008-01-26'),(20080127,2008,1,1,1,1,'enero',4,1,'domingo','Verano','2008-01-27'),(20080128,2008,1,1,1,1,'enero',4,2,'lunes','Verano','2008-01-28'),(20080129,2008,1,1,1,1,'enero',5,3,'martes','Verano','2008-01-29'),(20080130,2008,1,1,1,1,'enero',5,4,'miercoles','Verano','2008-01-30'),(20080131,2008,1,1,1,1,'enero',5,5,'jueves','Verano','2008-01-31'),(20080201,2008,1,1,1,2,'febrero',1,6,'viernes','Verano','2008-02-01'),(20080202,2008,1,1,1,2,'febrero',1,7,'sabado','Verano','2008-02-02'),(20080203,2008,1,1,1,2,'febrero',1,1,'domingo','Verano','2008-02-03'),(20080204,2008,1,1,1,2,'febrero',1,2,'lunes','Verano','2008-02-04'),(20080205,2008,1,1,1,2,'febrero',1,3,'martes','Verano','2008-02-05'),(20080206,2008,1,1,1,2,'febrero',1,4,'miercoles','Verano','2008-02-06'),(20080207,2008,1,1,1,2,'febrero',1,5,'jueves','Verano','2008-02-07'),(20080208,2008,1,1,1,2,'febrero',2,6,'viernes','Verano','2008-02-08'),(20080209,2008,1,1,1,2,'febrero',2,7,'sabado','Verano','2008-02-09'),(20080210,2008,1,1,1,2,'febrero',2,1,'domingo','Verano','2008-02-10'),(20080211,2008,1,1,1,2,'febrero',2,2,'lunes','Verano','2008-02-11'),(20080212,2008,1,1,1,2,'febrero',2,3,'martes','Verano','2008-02-12'),(20080213,2008,1,1,1,2,'febrero',2,4,'miercoles','Verano','2008-02-13'),(20080214,2008,1,1,1,2,'febrero',2,5,'jueves','Verano','2008-02-14'),(20080215,2008,1,1,1,2,'febrero',3,6,'viernes','Verano','2008-02-15'),(20080216,2008,1,1,1,2,'febrero',3,7,'sabado','Verano','2008-02-16'),(20080217,2008,1,1,1,2,'febrero',3,1,'domingo','Verano','2008-02-17'),(20080218,2008,1,1,1,2,'febrero',3,2,'lunes','Verano','2008-02-18'),(20080219,2008,1,1,1,2,'febrero',3,3,'martes','Verano','2008-02-19'),(20080220,2008,1,1,1,2,'febrero',3,4,'miercoles','Verano','2008-02-20'),(20080221,2008,1,1,1,2,'febrero',3,5,'jueves','Verano','2008-02-21'),(20080222,2008,1,1,1,2,'febrero',4,6,'viernes','Verano','2008-02-22'),(20080223,2008,1,1,1,2,'febrero',4,7,'sabado','Verano','2008-02-23'),(20080224,2008,1,1,1,2,'febrero',4,1,'domingo','Verano','2008-02-24'),(20080225,2008,1,1,1,2,'febrero',4,2,'lunes','Verano','2008-02-25'),(20080226,2008,1,1,1,2,'febrero',4,3,'martes','Verano','2008-02-26'),(20080227,2008,1,1,1,2,'febrero',4,4,'miercoles','Verano','2008-02-27'),(20080228,2008,1,1,1,2,'febrero',4,5,'jueves','Verano','2008-02-28'),(20080229,2008,1,1,1,2,'febrero',5,6,'viernes','Verano','2008-02-29'),(20080301,2008,1,1,2,3,'marzo',1,7,'sabado','Verano','2008-03-01'),(20080302,2008,1,1,2,3,'marzo',1,1,'domingo','Verano','2008-03-02'),(20080303,2008,1,1,2,3,'marzo',1,2,'lunes','Verano','2008-03-03'),(20080304,2008,1,1,2,3,'marzo',1,3,'martes','Verano','2008-03-04'),(20080305,2008,1,1,2,3,'marzo',1,4,'miercoles','Verano','2008-03-05'),(20080306,2008,1,1,2,3,'marzo',1,5,'jueves','Verano','2008-03-06'),(20080307,2008,1,1,2,3,'marzo',1,6,'viernes','Verano','2008-03-07'),(20080308,2008,1,1,2,3,'marzo',2,7,'sabado','Verano','2008-03-08'),(20080309,2008,1,1,2,3,'marzo',2,1,'domingo','Verano','2008-03-09'),(20080310,2008,1,1,2,3,'marzo',2,2,'lunes','Verano','2008-03-10'),(20080311,2008,1,1,2,3,'marzo',2,3,'martes','Verano','2008-03-11'),(20080312,2008,1,1,2,3,'marzo',2,4,'miercoles','Verano','2008-03-12'),(20080313,2008,1,1,2,3,'marzo',2,5,'jueves','Verano','2008-03-13'),(20080314,2008,1,1,2,3,'marzo',2,6,'viernes','Verano','2008-03-14'),(20080315,2008,1,1,2,3,'marzo',3,7,'sabado','Verano','2008-03-15'),(20080316,2008,1,1,2,3,'marzo',3,1,'domingo','Verano','2008-03-16'),(20080317,2008,1,1,2,3,'marzo',3,2,'lunes','Verano','2008-03-17'),(20080318,2008,1,1,2,3,'marzo',3,3,'martes','Verano','2008-03-18'),(20080319,2008,1,1,2,3,'marzo',3,4,'miercoles','Verano','2008-03-19'),(20080320,2008,1,1,2,3,'marzo',3,5,'jueves','Verano','2008-03-20'),(20080321,2008,1,1,2,3,'marzo',3,6,'viernes','Otoño','2008-03-21'),(20080322,2008,1,1,2,3,'marzo',4,7,'sabado','Otoño','2008-03-22'),(20080323,2008,1,1,2,3,'marzo',4,1,'domingo','Otoño','2008-03-23'),(20080324,2008,1,1,2,3,'marzo',4,2,'lunes','Otoño','2008-03-24'),(20080325,2008,1,1,2,3,'marzo',4,3,'martes','Otoño','2008-03-25'),(20080326,2008,1,1,2,3,'marzo',4,4,'miercoles','Otoño','2008-03-26'),(20080327,2008,1,1,2,3,'marzo',4,5,'jueves','Otoño','2008-03-27'),(20080328,2008,1,1,2,3,'marzo',4,6,'viernes','Otoño','2008-03-28'),(20080329,2008,1,1,2,3,'marzo',5,7,'sabado','Otoño','2008-03-29'),(20080330,2008,1,1,2,3,'marzo',5,1,'domingo','Otoño','2008-03-30'),(20080331,2008,1,1,2,3,'marzo',5,2,'lunes','Otoño','2008-03-31'),(20080401,2008,1,2,2,4,'abril',1,3,'martes','Otoño','2008-04-01'),(20080402,2008,1,2,2,4,'abril',1,4,'miercoles','Otoño','2008-04-02'),(20080403,2008,1,2,2,4,'abril',1,5,'jueves','Otoño','2008-04-03'),(20080404,2008,1,2,2,4,'abril',1,6,'viernes','Otoño','2008-04-04'),(20080405,2008,1,2,2,4,'abril',1,7,'sabado','Otoño','2008-04-05'),(20080406,2008,1,2,2,4,'abril',1,1,'domingo','Otoño','2008-04-06'),(20080407,2008,1,2,2,4,'abril',1,2,'lunes','Otoño','2008-04-07'),(20080408,2008,1,2,2,4,'abril',2,3,'martes','Otoño','2008-04-08'),(20080409,2008,1,2,2,4,'abril',2,4,'miercoles','Otoño','2008-04-09'),(20080410,2008,1,2,2,4,'abril',2,5,'jueves','Otoño','2008-04-10'),(20080411,2008,1,2,2,4,'abril',2,6,'viernes','Otoño','2008-04-11'),(20080412,2008,1,2,2,4,'abril',2,7,'sabado','Otoño','2008-04-12'),(20080413,2008,1,2,2,4,'abril',2,1,'domingo','Otoño','2008-04-13'),(20080414,2008,1,2,2,4,'abril',2,2,'lunes','Otoño','2008-04-14'),(20080415,2008,1,2,2,4,'abril',3,3,'martes','Otoño','2008-04-15'),(20080416,2008,1,2,2,4,'abril',3,4,'miercoles','Otoño','2008-04-16'),(20080417,2008,1,2,2,4,'abril',3,5,'jueves','Otoño','2008-04-17'),(20080418,2008,1,2,2,4,'abril',3,6,'viernes','Otoño','2008-04-18'),(20080419,2008,1,2,2,4,'abril',3,7,'sabado','Otoño','2008-04-19'),(20080420,2008,1,2,2,4,'abril',3,1,'domingo','Otoño','2008-04-20'),(20080421,2008,1,2,2,4,'abril',3,2,'lunes','Otoño','2008-04-21'),(20080422,2008,1,2,2,4,'abril',4,3,'martes','Otoño','2008-04-22'),(20080423,2008,1,2,2,4,'abril',4,4,'miercoles','Otoño','2008-04-23'),(20080424,2008,1,2,2,4,'abril',4,5,'jueves','Otoño','2008-04-24'),(20080425,2008,1,2,2,4,'abril',4,6,'viernes','Otoño','2008-04-25'),(20080426,2008,1,2,2,4,'abril',4,7,'sabado','Otoño','2008-04-26'),(20080427,2008,1,2,2,4,'abril',4,1,'domingo','Otoño','2008-04-27'),(20080428,2008,1,2,2,4,'abril',4,2,'lunes','Otoño','2008-04-28'),(20080429,2008,1,2,2,4,'abril',5,3,'martes','Otoño','2008-04-29'),(20080430,2008,1,2,2,4,'abril',5,4,'miercoles','Otoño','2008-04-30'),(20080501,2008,1,2,3,5,'mayo',1,5,'jueves','Otoño','2008-05-01'),(20080502,2008,1,2,3,5,'mayo',1,6,'viernes','Otoño','2008-05-02'),(20080503,2008,1,2,3,5,'mayo',1,7,'sabado','Otoño','2008-05-03'),(20080504,2008,1,2,3,5,'mayo',1,1,'domingo','Otoño','2008-05-04'),(20080505,2008,1,2,3,5,'mayo',1,2,'lunes','Otoño','2008-05-05'),(20080506,2008,1,2,3,5,'mayo',1,3,'martes','Otoño','2008-05-06'),(20080507,2008,1,2,3,5,'mayo',1,4,'miercoles','Otoño','2008-05-07'),(20080508,2008,1,2,3,5,'mayo',2,5,'jueves','Otoño','2008-05-08'),(20080509,2008,1,2,3,5,'mayo',2,6,'viernes','Otoño','2008-05-09'),(20080510,2008,1,2,3,5,'mayo',2,7,'sabado','Otoño','2008-05-10'),(20080511,2008,1,2,3,5,'mayo',2,1,'domingo','Otoño','2008-05-11'),(20080512,2008,1,2,3,5,'mayo',2,2,'lunes','Otoño','2008-05-12'),(20080513,2008,1,2,3,5,'mayo',2,3,'martes','Otoño','2008-05-13'),(20080514,2008,1,2,3,5,'mayo',2,4,'miercoles','Otoño','2008-05-14'),(20080515,2008,1,2,3,5,'mayo',3,5,'jueves','Otoño','2008-05-15'),(20080516,2008,1,2,3,5,'mayo',3,6,'viernes','Otoño','2008-05-16'),(20080517,2008,1,2,3,5,'mayo',3,7,'sabado','Otoño','2008-05-17'),(20080518,2008,1,2,3,5,'mayo',3,1,'domingo','Otoño','2008-05-18'),(20080519,2008,1,2,3,5,'mayo',3,2,'lunes','Otoño','2008-05-19'),(20080520,2008,1,2,3,5,'mayo',3,3,'martes','Otoño','2008-05-20'),(20080521,2008,1,2,3,5,'mayo',3,4,'miercoles','Otoño','2008-05-21'),(20080522,2008,1,2,3,5,'mayo',4,5,'jueves','Otoño','2008-05-22'),(20080523,2008,1,2,3,5,'mayo',4,6,'viernes','Otoño','2008-05-23'),(20080524,2008,1,2,3,5,'mayo',4,7,'sabado','Otoño','2008-05-24'),(20080525,2008,1,2,3,5,'mayo',4,1,'domingo','Otoño','2008-05-25'),(20080526,2008,1,2,3,5,'mayo',4,2,'lunes','Otoño','2008-05-26'),(20080527,2008,1,2,3,5,'mayo',4,3,'martes','Otoño','2008-05-27'),(20080528,2008,1,2,3,5,'mayo',4,4,'miercoles','Otoño','2008-05-28'),(20080529,2008,1,2,3,5,'mayo',5,5,'jueves','Otoño','2008-05-29'),(20080530,2008,1,2,3,5,'mayo',5,6,'viernes','Otoño','2008-05-30'),(20080531,2008,1,2,3,5,'mayo',5,7,'sabado','Otoño','2008-05-31'),(20080601,2008,1,2,3,6,'junio',1,1,'domingo','Otoño','2008-06-01'),(20080602,2008,1,2,3,6,'junio',1,2,'lunes','Otoño','2008-06-02'),(20080603,2008,1,2,3,6,'junio',1,3,'martes','Otoño','2008-06-03'),(20080604,2008,1,2,3,6,'junio',1,4,'miercoles','Otoño','2008-06-04'),(20080605,2008,1,2,3,6,'junio',1,5,'jueves','Otoño','2008-06-05'),(20080606,2008,1,2,3,6,'junio',1,6,'viernes','Otoño','2008-06-06'),(20080607,2008,1,2,3,6,'junio',1,7,'sabado','Otoño','2008-06-07'),(20080608,2008,1,2,3,6,'junio',2,1,'domingo','Otoño','2008-06-08'),(20080609,2008,1,2,3,6,'junio',2,2,'lunes','Otoño','2008-06-09'),(20080610,2008,1,2,3,6,'junio',2,3,'martes','Otoño','2008-06-10'),(20080611,2008,1,2,3,6,'junio',2,4,'miercoles','Otoño','2008-06-11'),(20080612,2008,1,2,3,6,'junio',2,5,'jueves','Otoño','2008-06-12'),(20080613,2008,1,2,3,6,'junio',2,6,'viernes','Otoño','2008-06-13'),(20080614,2008,1,2,3,6,'junio',2,7,'sabado','Otoño','2008-06-14'),(20080615,2008,1,2,3,6,'junio',3,1,'domingo','Otoño','2008-06-15'),(20080616,2008,1,2,3,6,'junio',3,2,'lunes','Otoño','2008-06-16'),(20080617,2008,1,2,3,6,'junio',3,3,'martes','Otoño','2008-06-17'),(20080618,2008,1,2,3,6,'junio',3,4,'miercoles','Otoño','2008-06-18'),(20080619,2008,1,2,3,6,'junio',3,5,'jueves','Otoño','2008-06-19'),(20080620,2008,1,2,3,6,'junio',3,6,'viernes','Otoño','2008-06-20'),(20080621,2008,1,2,3,6,'junio',3,7,'sabado','Invierno','2008-06-21'),(20080622,2008,1,2,3,6,'junio',4,1,'domingo','Invierno','2008-06-22'),(20080623,2008,1,2,3,6,'junio',4,2,'lunes','Invierno','2008-06-23'),(20080624,2008,1,2,3,6,'junio',4,3,'martes','Invierno','2008-06-24'),(20080625,2008,1,2,3,6,'junio',4,4,'miercoles','Invierno','2008-06-25'),(20080626,2008,1,2,3,6,'junio',4,5,'jueves','Invierno','2008-06-26'),(20080627,2008,1,2,3,6,'junio',4,6,'viernes','Invierno','2008-06-27'),(20080628,2008,1,2,3,6,'junio',4,7,'sabado','Invierno','2008-06-28'),(20080629,2008,1,2,3,6,'junio',5,1,'domingo','Invierno','2008-06-29'),(20080630,2008,1,2,3,6,'junio',5,2,'lunes','Invierno','2008-06-30'),(20080701,2008,2,3,4,7,'julio',1,3,'martes','Invierno','2008-07-01'),(20080702,2008,2,3,4,7,'julio',1,4,'miercoles','Invierno','2008-07-02'),(20080703,2008,2,3,4,7,'julio',1,5,'jueves','Invierno','2008-07-03'),(20080704,2008,2,3,4,7,'julio',1,6,'viernes','Invierno','2008-07-04'),(20080705,2008,2,3,4,7,'julio',1,7,'sabado','Invierno','2008-07-05'),(20080706,2008,2,3,4,7,'julio',1,1,'domingo','Invierno','2008-07-06'),(20080707,2008,2,3,4,7,'julio',1,2,'lunes','Invierno','2008-07-07'),(20080708,2008,2,3,4,7,'julio',2,3,'martes','Invierno','2008-07-08'),(20080709,2008,2,3,4,7,'julio',2,4,'miercoles','Invierno','2008-07-09'),(20080710,2008,2,3,4,7,'julio',2,5,'jueves','Invierno','2008-07-10'),(20080711,2008,2,3,4,7,'julio',2,6,'viernes','Invierno','2008-07-11'),(20080712,2008,2,3,4,7,'julio',2,7,'sabado','Invierno','2008-07-12'),(20080713,2008,2,3,4,7,'julio',2,1,'domingo','Invierno','2008-07-13'),(20080714,2008,2,3,4,7,'julio',2,2,'lunes','Invierno','2008-07-14'),(20080715,2008,2,3,4,7,'julio',3,3,'martes','Invierno','2008-07-15'),(20080716,2008,2,3,4,7,'julio',3,4,'miercoles','Invierno','2008-07-16'),(20080717,2008,2,3,4,7,'julio',3,5,'jueves','Invierno','2008-07-17'),(20080718,2008,2,3,4,7,'julio',3,6,'viernes','Invierno','2008-07-18'),(20080719,2008,2,3,4,7,'julio',3,7,'sabado','Invierno','2008-07-19'),(20080720,2008,2,3,4,7,'julio',3,1,'domingo','Invierno','2008-07-20'),(20080721,2008,2,3,4,7,'julio',3,2,'lunes','Invierno','2008-07-21'),(20080722,2008,2,3,4,7,'julio',4,3,'martes','Invierno','2008-07-22'),(20080723,2008,2,3,4,7,'julio',4,4,'miercoles','Invierno','2008-07-23'),(20080724,2008,2,3,4,7,'julio',4,5,'jueves','Invierno','2008-07-24'),(20080725,2008,2,3,4,7,'julio',4,6,'viernes','Invierno','2008-07-25'),(20080726,2008,2,3,4,7,'julio',4,7,'sabado','Invierno','2008-07-26'),(20080727,2008,2,3,4,7,'julio',4,1,'domingo','Invierno','2008-07-27'),(20080728,2008,2,3,4,7,'julio',4,2,'lunes','Invierno','2008-07-28'),(20080729,2008,2,3,4,7,'julio',5,3,'martes','Invierno','2008-07-29'),(20080730,2008,2,3,4,7,'julio',5,4,'miercoles','Invierno','2008-07-30'),(20080731,2008,2,3,4,7,'julio',5,5,'jueves','Invierno','2008-07-31'),(20080801,2008,2,3,4,8,'agosto',1,6,'viernes','Invierno','2008-08-01'),(20080802,2008,2,3,4,8,'agosto',1,7,'sabado','Invierno','2008-08-02'),(20080803,2008,2,3,4,8,'agosto',1,1,'domingo','Invierno','2008-08-03'),(20080804,2008,2,3,4,8,'agosto',1,2,'lunes','Invierno','2008-08-04'),(20080805,2008,2,3,4,8,'agosto',1,3,'martes','Invierno','2008-08-05'),(20080806,2008,2,3,4,8,'agosto',1,4,'miercoles','Invierno','2008-08-06'),(20080807,2008,2,3,4,8,'agosto',1,5,'jueves','Invierno','2008-08-07'),(20080808,2008,2,3,4,8,'agosto',2,6,'viernes','Invierno','2008-08-08'),(20080809,2008,2,3,4,8,'agosto',2,7,'sabado','Invierno','2008-08-09'),(20080810,2008,2,3,4,8,'agosto',2,1,'domingo','Invierno','2008-08-10'),(20080811,2008,2,3,4,8,'agosto',2,2,'lunes','Invierno','2008-08-11'),(20080812,2008,2,3,4,8,'agosto',2,3,'martes','Invierno','2008-08-12'),(20080813,2008,2,3,4,8,'agosto',2,4,'miercoles','Invierno','2008-08-13'),(20080814,2008,2,3,4,8,'agosto',2,5,'jueves','Invierno','2008-08-14'),(20080815,2008,2,3,4,8,'agosto',3,6,'viernes','Invierno','2008-08-15'),(20080816,2008,2,3,4,8,'agosto',3,7,'sabado','Invierno','2008-08-16'),(20080817,2008,2,3,4,8,'agosto',3,1,'domingo','Invierno','2008-08-17'),(20080818,2008,2,3,4,8,'agosto',3,2,'lunes','Invierno','2008-08-18'),(20080819,2008,2,3,4,8,'agosto',3,3,'martes','Invierno','2008-08-19'),(20080820,2008,2,3,4,8,'agosto',3,4,'miercoles','Invierno','2008-08-20'),(20080821,2008,2,3,4,8,'agosto',3,5,'jueves','Invierno','2008-08-21'),(20080822,2008,2,3,4,8,'agosto',4,6,'viernes','Invierno','2008-08-22'),(20080823,2008,2,3,4,8,'agosto',4,7,'sabado','Invierno','2008-08-23'),(20080824,2008,2,3,4,8,'agosto',4,1,'domingo','Invierno','2008-08-24'),(20080825,2008,2,3,4,8,'agosto',4,2,'lunes','Invierno','2008-08-25'),(20080826,2008,2,3,4,8,'agosto',4,3,'martes','Invierno','2008-08-26'),(20080827,2008,2,3,4,8,'agosto',4,4,'miercoles','Invierno','2008-08-27'),(20080828,2008,2,3,4,8,'agosto',4,5,'jueves','Invierno','2008-08-28'),(20080829,2008,2,3,4,8,'agosto',5,6,'viernes','Invierno','2008-08-29'),(20080830,2008,2,3,4,8,'agosto',5,7,'sabado','Invierno','2008-08-30'),(20080831,2008,2,3,4,8,'agosto',5,1,'domingo','Invierno','2008-08-31'),(20080901,2008,2,3,5,9,'septiembre',1,2,'lunes','Invierno','2008-09-01'),(20080902,2008,2,3,5,9,'septiembre',1,3,'martes','Invierno','2008-09-02'),(20080903,2008,2,3,5,9,'septiembre',1,4,'miercoles','Invierno','2008-09-03'),(20080904,2008,2,3,5,9,'septiembre',1,5,'jueves','Invierno','2008-09-04'),(20080905,2008,2,3,5,9,'septiembre',1,6,'viernes','Invierno','2008-09-05'),(20080906,2008,2,3,5,9,'septiembre',1,7,'sabado','Invierno','2008-09-06'),(20080907,2008,2,3,5,9,'septiembre',1,1,'domingo','Invierno','2008-09-07'),(20080908,2008,2,3,5,9,'septiembre',2,2,'lunes','Invierno','2008-09-08'),(20080909,2008,2,3,5,9,'septiembre',2,3,'martes','Invierno','2008-09-09'),(20080910,2008,2,3,5,9,'septiembre',2,4,'miercoles','Invierno','2008-09-10'),(20080911,2008,2,3,5,9,'septiembre',2,5,'jueves','Invierno','2008-09-11'),(20080912,2008,2,3,5,9,'septiembre',2,6,'viernes','Invierno','2008-09-12'),(20080913,2008,2,3,5,9,'septiembre',2,7,'sabado','Invierno','2008-09-13'),(20080914,2008,2,3,5,9,'septiembre',2,1,'domingo','Invierno','2008-09-14'),(20080915,2008,2,3,5,9,'septiembre',3,2,'lunes','Invierno','2008-09-15'),(20080916,2008,2,3,5,9,'septiembre',3,3,'martes','Invierno','2008-09-16'),(20080917,2008,2,3,5,9,'septiembre',3,4,'miercoles','Invierno','2008-09-17'),(20080918,2008,2,3,5,9,'septiembre',3,5,'jueves','Invierno','2008-09-18'),(20080919,2008,2,3,5,9,'septiembre',3,6,'viernes','Invierno','2008-09-19'),(20080920,2008,2,3,5,9,'septiembre',3,7,'sabado','Invierno','2008-09-20'),(20080921,2008,2,3,5,9,'septiembre',3,1,'domingo','Primavera','2008-09-21'),(20080922,2008,2,3,5,9,'septiembre',4,2,'lunes','Primavera','2008-09-22'),(20080923,2008,2,3,5,9,'septiembre',4,3,'martes','Primavera','2008-09-23'),(20080924,2008,2,3,5,9,'septiembre',4,4,'miercoles','Primavera','2008-09-24'),(20080925,2008,2,3,5,9,'septiembre',4,5,'jueves','Primavera','2008-09-25'),(20080926,2008,2,3,5,9,'septiembre',4,6,'viernes','Primavera','2008-09-26'),(20080927,2008,2,3,5,9,'septiembre',4,7,'sabado','Primavera','2008-09-27'),(20080928,2008,2,3,5,9,'septiembre',4,1,'domingo','Primavera','2008-09-28'),(20080929,2008,2,3,5,9,'septiembre',5,2,'lunes','Primavera','2008-09-29'),(20080930,2008,2,3,5,9,'septiembre',5,3,'martes','Primavera','2008-09-30'),(20081001,2008,2,4,5,10,'octubre',1,4,'miercoles','Primavera','2008-10-01'),(20081002,2008,2,4,5,10,'octubre',1,5,'jueves','Primavera','2008-10-02'),(20081003,2008,2,4,5,10,'octubre',1,6,'viernes','Primavera','2008-10-03'),(20081004,2008,2,4,5,10,'octubre',1,7,'sabado','Primavera','2008-10-04'),(20081005,2008,2,4,5,10,'octubre',1,1,'domingo','Primavera','2008-10-05'),(20081006,2008,2,4,5,10,'octubre',1,2,'lunes','Primavera','2008-10-06'),(20081007,2008,2,4,5,10,'octubre',1,3,'martes','Primavera','2008-10-07'),(20081008,2008,2,4,5,10,'octubre',2,4,'miercoles','Primavera','2008-10-08'),(20081009,2008,2,4,5,10,'octubre',2,5,'jueves','Primavera','2008-10-09'),(20081010,2008,2,4,5,10,'octubre',2,6,'viernes','Primavera','2008-10-10'),(20081011,2008,2,4,5,10,'octubre',2,7,'sabado','Primavera','2008-10-11'),(20081012,2008,2,4,5,10,'octubre',2,1,'domingo','Primavera','2008-10-12'),(20081013,2008,2,4,5,10,'octubre',2,2,'lunes','Primavera','2008-10-13'),(20081014,2008,2,4,5,10,'octubre',2,3,'martes','Primavera','2008-10-14'),(20081015,2008,2,4,5,10,'octubre',3,4,'miercoles','Primavera','2008-10-15'),(20081016,2008,2,4,5,10,'octubre',3,5,'jueves','Primavera','2008-10-16'),(20081017,2008,2,4,5,10,'octubre',3,6,'viernes','Primavera','2008-10-17'),(20081018,2008,2,4,5,10,'octubre',3,7,'sabado','Primavera','2008-10-18'),(20081019,2008,2,4,5,10,'octubre',3,1,'domingo','Primavera','2008-10-19'),(20081020,2008,2,4,5,10,'octubre',3,2,'lunes','Primavera','2008-10-20'),(20081021,2008,2,4,5,10,'octubre',3,3,'martes','Primavera','2008-10-21'),(20081022,2008,2,4,5,10,'octubre',4,4,'miercoles','Primavera','2008-10-22'),(20081023,2008,2,4,5,10,'octubre',4,5,'jueves','Primavera','2008-10-23'),(20081024,2008,2,4,5,10,'octubre',4,6,'viernes','Primavera','2008-10-24'),(20081025,2008,2,4,5,10,'octubre',4,7,'sabado','Primavera','2008-10-25'),(20081026,2008,2,4,5,10,'octubre',4,1,'domingo','Primavera','2008-10-26'),(20081027,2008,2,4,5,10,'octubre',4,2,'lunes','Primavera','2008-10-27'),(20081028,2008,2,4,5,10,'octubre',4,3,'martes','Primavera','2008-10-28'),(20081029,2008,2,4,5,10,'octubre',5,4,'miercoles','Primavera','2008-10-29'),(20081030,2008,2,4,5,10,'octubre',5,5,'jueves','Primavera','2008-10-30'),(20081031,2008,2,4,5,10,'octubre',5,6,'viernes','Primavera','2008-10-31'),(20081101,2008,2,4,6,11,'noviembre',1,7,'sabado','Primavera','2008-11-01'),(20081102,2008,2,4,6,11,'noviembre',1,1,'domingo','Primavera','2008-11-02'),(20081103,2008,2,4,6,11,'noviembre',1,2,'lunes','Primavera','2008-11-03'),(20081104,2008,2,4,6,11,'noviembre',1,3,'martes','Primavera','2008-11-04'),(20081105,2008,2,4,6,11,'noviembre',1,4,'miercoles','Primavera','2008-11-05'),(20081106,2008,2,4,6,11,'noviembre',1,5,'jueves','Primavera','2008-11-06'),(20081107,2008,2,4,6,11,'noviembre',1,6,'viernes','Primavera','2008-11-07'),(20081108,2008,2,4,6,11,'noviembre',2,7,'sabado','Primavera','2008-11-08'),(20081109,2008,2,4,6,11,'noviembre',2,1,'domingo','Primavera','2008-11-09'),(20081110,2008,2,4,6,11,'noviembre',2,2,'lunes','Primavera','2008-11-10'),(20081111,2008,2,4,6,11,'noviembre',2,3,'martes','Primavera','2008-11-11'),(20081112,2008,2,4,6,11,'noviembre',2,4,'miercoles','Primavera','2008-11-12'),(20081113,2008,2,4,6,11,'noviembre',2,5,'jueves','Primavera','2008-11-13'),(20081114,2008,2,4,6,11,'noviembre',2,6,'viernes','Primavera','2008-11-14'),(20081115,2008,2,4,6,11,'noviembre',3,7,'sabado','Primavera','2008-11-15'),(20081116,2008,2,4,6,11,'noviembre',3,1,'domingo','Primavera','2008-11-16'),(20081117,2008,2,4,6,11,'noviembre',3,2,'lunes','Primavera','2008-11-17'),(20081118,2008,2,4,6,11,'noviembre',3,3,'martes','Primavera','2008-11-18'),(20081119,2008,2,4,6,11,'noviembre',3,4,'miercoles','Primavera','2008-11-19'),(20081120,2008,2,4,6,11,'noviembre',3,5,'jueves','Primavera','2008-11-20'),(20081121,2008,2,4,6,11,'noviembre',3,6,'viernes','Primavera','2008-11-21'),(20081122,2008,2,4,6,11,'noviembre',4,7,'sabado','Primavera','2008-11-22'),(20081123,2008,2,4,6,11,'noviembre',4,1,'domingo','Primavera','2008-11-23'),(20081124,2008,2,4,6,11,'noviembre',4,2,'lunes','Primavera','2008-11-24'),(20081125,2008,2,4,6,11,'noviembre',4,3,'martes','Primavera','2008-11-25'),(20081126,2008,2,4,6,11,'noviembre',4,4,'miercoles','Primavera','2008-11-26'),(20081127,2008,2,4,6,11,'noviembre',4,5,'jueves','Primavera','2008-11-27'),(20081128,2008,2,4,6,11,'noviembre',4,6,'viernes','Primavera','2008-11-28'),(20081129,2008,2,4,6,11,'noviembre',5,7,'sabado','Primavera','2008-11-29'),(20081130,2008,2,4,6,11,'noviembre',5,1,'domingo','Primavera','2008-11-30'),(20081201,2008,2,4,6,12,'diciembre',1,2,'lunes','Primavera','2008-12-01'),(20081202,2008,2,4,6,12,'diciembre',1,3,'martes','Primavera','2008-12-02'),(20081203,2008,2,4,6,12,'diciembre',1,4,'miercoles','Primavera','2008-12-03'),(20081204,2008,2,4,6,12,'diciembre',1,5,'jueves','Primavera','2008-12-04'),(20081205,2008,2,4,6,12,'diciembre',1,6,'viernes','Primavera','2008-12-05'),(20081206,2008,2,4,6,12,'diciembre',1,7,'sabado','Primavera','2008-12-06'),(20081207,2008,2,4,6,12,'diciembre',1,1,'domingo','Primavera','2008-12-07'),(20081208,2008,2,4,6,12,'diciembre',2,2,'lunes','Primavera','2008-12-08'),(20081209,2008,2,4,6,12,'diciembre',2,3,'martes','Primavera','2008-12-09'),(20081210,2008,2,4,6,12,'diciembre',2,4,'miercoles','Primavera','2008-12-10'),(20081211,2008,2,4,6,12,'diciembre',2,5,'jueves','Primavera','2008-12-11'),(20081212,2008,2,4,6,12,'diciembre',2,6,'viernes','Primavera','2008-12-12'),(20081213,2008,2,4,6,12,'diciembre',2,7,'sabado','Primavera','2008-12-13'),(20081214,2008,2,4,6,12,'diciembre',2,1,'domingo','Primavera','2008-12-14'),(20081215,2008,2,4,6,12,'diciembre',3,2,'lunes','Primavera','2008-12-15'),(20081216,2008,2,4,6,12,'diciembre',3,3,'martes','Primavera','2008-12-16'),(20081217,2008,2,4,6,12,'diciembre',3,4,'miercoles','Primavera','2008-12-17'),(20081218,2008,2,4,6,12,'diciembre',3,5,'jueves','Primavera','2008-12-18'),(20081219,2008,2,4,6,12,'diciembre',3,6,'viernes','Primavera','2008-12-19'),(20081220,2008,2,4,6,12,'diciembre',3,7,'sabado','Primavera','2008-12-20'),(20081221,2008,2,4,6,12,'diciembre',3,1,'domingo','Verano','2008-12-21'),(20081222,2008,2,4,6,12,'diciembre',4,2,'lunes','Verano','2008-12-22'),(20081223,2008,2,4,6,12,'diciembre',4,3,'martes','Verano','2008-12-23'),(20081224,2008,2,4,6,12,'diciembre',4,4,'miercoles','Verano','2008-12-24'),(20081225,2008,2,4,6,12,'diciembre',4,5,'jueves','Verano','2008-12-25'),(20081226,2008,2,4,6,12,'diciembre',4,6,'viernes','Verano','2008-12-26'),(20081227,2008,2,4,6,12,'diciembre',4,7,'sabado','Verano','2008-12-27'),(20081228,2008,2,4,6,12,'diciembre',4,1,'domingo','Verano','2008-12-28'),(20081229,2008,2,4,6,12,'diciembre',5,2,'lunes','Verano','2008-12-29'),(20081230,2008,2,4,6,12,'diciembre',5,3,'martes','Verano','2008-12-30'),(20081231,2008,2,4,6,12,'diciembre',5,4,'miercoles','Verano','2008-12-31'),(20090101,2009,1,1,1,1,'enero',1,5,'jueves','Verano','2009-01-01'),(20090102,2009,1,1,1,1,'enero',1,6,'viernes','Verano','2009-01-02'),(20090103,2009,1,1,1,1,'enero',1,7,'sabado','Verano','2009-01-03'),(20090104,2009,1,1,1,1,'enero',1,1,'domingo','Verano','2009-01-04'),(20090105,2009,1,1,1,1,'enero',1,2,'lunes','Verano','2009-01-05'),(20090106,2009,1,1,1,1,'enero',1,3,'martes','Verano','2009-01-06'),(20090107,2009,1,1,1,1,'enero',1,4,'miercoles','Verano','2009-01-07'),(20090108,2009,1,1,1,1,'enero',2,5,'jueves','Verano','2009-01-08'),(20090109,2009,1,1,1,1,'enero',2,6,'viernes','Verano','2009-01-09'),(20090110,2009,1,1,1,1,'enero',2,7,'sabado','Verano','2009-01-10'),(20090111,2009,1,1,1,1,'enero',2,1,'domingo','Verano','2009-01-11'),(20090112,2009,1,1,1,1,'enero',2,2,'lunes','Verano','2009-01-12'),(20090113,2009,1,1,1,1,'enero',2,3,'martes','Verano','2009-01-13'),(20090114,2009,1,1,1,1,'enero',2,4,'miercoles','Verano','2009-01-14'),(20090115,2009,1,1,1,1,'enero',3,5,'jueves','Verano','2009-01-15'),(20090116,2009,1,1,1,1,'enero',3,6,'viernes','Verano','2009-01-16'),(20090117,2009,1,1,1,1,'enero',3,7,'sabado','Verano','2009-01-17'),(20090118,2009,1,1,1,1,'enero',3,1,'domingo','Verano','2009-01-18'),(20090119,2009,1,1,1,1,'enero',3,2,'lunes','Verano','2009-01-19'),(20090120,2009,1,1,1,1,'enero',3,3,'martes','Verano','2009-01-20'),(20090121,2009,1,1,1,1,'enero',3,4,'miercoles','Verano','2009-01-21'),(20090122,2009,1,1,1,1,'enero',4,5,'jueves','Verano','2009-01-22'),(20090123,2009,1,1,1,1,'enero',4,6,'viernes','Verano','2009-01-23'),(20090124,2009,1,1,1,1,'enero',4,7,'sabado','Verano','2009-01-24'),(20090125,2009,1,1,1,1,'enero',4,1,'domingo','Verano','2009-01-25'),(20090126,2009,1,1,1,1,'enero',4,2,'lunes','Verano','2009-01-26'),(20090127,2009,1,1,1,1,'enero',4,3,'martes','Verano','2009-01-27'),(20090128,2009,1,1,1,1,'enero',4,4,'miercoles','Verano','2009-01-28'),(20090129,2009,1,1,1,1,'enero',5,5,'jueves','Verano','2009-01-29'),(20090130,2009,1,1,1,1,'enero',5,6,'viernes','Verano','2009-01-30'),(20090131,2009,1,1,1,1,'enero',5,7,'sabado','Verano','2009-01-31'),(20090201,2009,1,1,1,2,'febrero',1,1,'domingo','Verano','2009-02-01'),(20090202,2009,1,1,1,2,'febrero',1,2,'lunes','Verano','2009-02-02'),(20090203,2009,1,1,1,2,'febrero',1,3,'martes','Verano','2009-02-03'),(20090204,2009,1,1,1,2,'febrero',1,4,'miercoles','Verano','2009-02-04'),(20090205,2009,1,1,1,2,'febrero',1,5,'jueves','Verano','2009-02-05'),(20090206,2009,1,1,1,2,'febrero',1,6,'viernes','Verano','2009-02-06'),(20090207,2009,1,1,1,2,'febrero',1,7,'sabado','Verano','2009-02-07'),(20090208,2009,1,1,1,2,'febrero',2,1,'domingo','Verano','2009-02-08'),(20090209,2009,1,1,1,2,'febrero',2,2,'lunes','Verano','2009-02-09'),(20090210,2009,1,1,1,2,'febrero',2,3,'martes','Verano','2009-02-10'),(20090211,2009,1,1,1,2,'febrero',2,4,'miercoles','Verano','2009-02-11'),(20090212,2009,1,1,1,2,'febrero',2,5,'jueves','Verano','2009-02-12'),(20090213,2009,1,1,1,2,'febrero',2,6,'viernes','Verano','2009-02-13'),(20090214,2009,1,1,1,2,'febrero',2,7,'sabado','Verano','2009-02-14'),(20090215,2009,1,1,1,2,'febrero',3,1,'domingo','Verano','2009-02-15'),(20090216,2009,1,1,1,2,'febrero',3,2,'lunes','Verano','2009-02-16'),(20090217,2009,1,1,1,2,'febrero',3,3,'martes','Verano','2009-02-17'),(20090218,2009,1,1,1,2,'febrero',3,4,'miercoles','Verano','2009-02-18'),(20090219,2009,1,1,1,2,'febrero',3,5,'jueves','Verano','2009-02-19'),(20090220,2009,1,1,1,2,'febrero',3,6,'viernes','Verano','2009-02-20'),(20090221,2009,1,1,1,2,'febrero',3,7,'sabado','Verano','2009-02-21'),(20090222,2009,1,1,1,2,'febrero',4,1,'domingo','Verano','2009-02-22'),(20090223,2009,1,1,1,2,'febrero',4,2,'lunes','Verano','2009-02-23'),(20090224,2009,1,1,1,2,'febrero',4,3,'martes','Verano','2009-02-24'),(20090225,2009,1,1,1,2,'febrero',4,4,'miercoles','Verano','2009-02-25'),(20090226,2009,1,1,1,2,'febrero',4,5,'jueves','Verano','2009-02-26'),(20090227,2009,1,1,1,2,'febrero',4,6,'viernes','Verano','2009-02-27'),(20090228,2009,1,1,1,2,'febrero',4,7,'sabado','Verano','2009-02-28'),(20090301,2009,1,1,2,3,'marzo',1,1,'domingo','Verano','2009-03-01'),(20090302,2009,1,1,2,3,'marzo',1,2,'lunes','Verano','2009-03-02'),(20090303,2009,1,1,2,3,'marzo',1,3,'martes','Verano','2009-03-03'),(20090304,2009,1,1,2,3,'marzo',1,4,'miercoles','Verano','2009-03-04'),(20090305,2009,1,1,2,3,'marzo',1,5,'jueves','Verano','2009-03-05'),(20090306,2009,1,1,2,3,'marzo',1,6,'viernes','Verano','2009-03-06'),(20090307,2009,1,1,2,3,'marzo',1,7,'sabado','Verano','2009-03-07'),(20090308,2009,1,1,2,3,'marzo',2,1,'domingo','Verano','2009-03-08'),(20090309,2009,1,1,2,3,'marzo',2,2,'lunes','Verano','2009-03-09'),(20090310,2009,1,1,2,3,'marzo',2,3,'martes','Verano','2009-03-10'),(20090311,2009,1,1,2,3,'marzo',2,4,'miercoles','Verano','2009-03-11'),(20090312,2009,1,1,2,3,'marzo',2,5,'jueves','Verano','2009-03-12'),(20090313,2009,1,1,2,3,'marzo',2,6,'viernes','Verano','2009-03-13'),(20090314,2009,1,1,2,3,'marzo',2,7,'sabado','Verano','2009-03-14'),(20090315,2009,1,1,2,3,'marzo',3,1,'domingo','Verano','2009-03-15'),(20090316,2009,1,1,2,3,'marzo',3,2,'lunes','Verano','2009-03-16'),(20090317,2009,1,1,2,3,'marzo',3,3,'martes','Verano','2009-03-17'),(20090318,2009,1,1,2,3,'marzo',3,4,'miercoles','Verano','2009-03-18'),(20090319,2009,1,1,2,3,'marzo',3,5,'jueves','Verano','2009-03-19'),(20090320,2009,1,1,2,3,'marzo',3,6,'viernes','Verano','2009-03-20'),(20090321,2009,1,1,2,3,'marzo',3,7,'sabado','Otoño','2009-03-21'),(20090322,2009,1,1,2,3,'marzo',4,1,'domingo','Otoño','2009-03-22'),(20090323,2009,1,1,2,3,'marzo',4,2,'lunes','Otoño','2009-03-23'),(20090324,2009,1,1,2,3,'marzo',4,3,'martes','Otoño','2009-03-24'),(20090325,2009,1,1,2,3,'marzo',4,4,'miercoles','Otoño','2009-03-25'),(20090326,2009,1,1,2,3,'marzo',4,5,'jueves','Otoño','2009-03-26'),(20090327,2009,1,1,2,3,'marzo',4,6,'viernes','Otoño','2009-03-27'),(20090328,2009,1,1,2,3,'marzo',4,7,'sabado','Otoño','2009-03-28'),(20090329,2009,1,1,2,3,'marzo',5,1,'domingo','Otoño','2009-03-29'),(20090330,2009,1,1,2,3,'marzo',5,2,'lunes','Otoño','2009-03-30'),(20090331,2009,1,1,2,3,'marzo',5,3,'martes','Otoño','2009-03-31'),(20090401,2009,1,2,2,4,'abril',1,4,'miercoles','Otoño','2009-04-01'),(20090402,2009,1,2,2,4,'abril',1,5,'jueves','Otoño','2009-04-02'),(20090403,2009,1,2,2,4,'abril',1,6,'viernes','Otoño','2009-04-03'),(20090404,2009,1,2,2,4,'abril',1,7,'sabado','Otoño','2009-04-04'),(20090405,2009,1,2,2,4,'abril',1,1,'domingo','Otoño','2009-04-05'),(20090406,2009,1,2,2,4,'abril',1,2,'lunes','Otoño','2009-04-06'),(20090407,2009,1,2,2,4,'abril',1,3,'martes','Otoño','2009-04-07'),(20090408,2009,1,2,2,4,'abril',2,4,'miercoles','Otoño','2009-04-08'),(20090409,2009,1,2,2,4,'abril',2,5,'jueves','Otoño','2009-04-09'),(20090410,2009,1,2,2,4,'abril',2,6,'viernes','Otoño','2009-04-10'),(20090411,2009,1,2,2,4,'abril',2,7,'sabado','Otoño','2009-04-11'),(20090412,2009,1,2,2,4,'abril',2,1,'domingo','Otoño','2009-04-12'),(20090413,2009,1,2,2,4,'abril',2,2,'lunes','Otoño','2009-04-13'),(20090414,2009,1,2,2,4,'abril',2,3,'martes','Otoño','2009-04-14'),(20090415,2009,1,2,2,4,'abril',3,4,'miercoles','Otoño','2009-04-15'),(20090416,2009,1,2,2,4,'abril',3,5,'jueves','Otoño','2009-04-16'),(20090417,2009,1,2,2,4,'abril',3,6,'viernes','Otoño','2009-04-17'),(20090418,2009,1,2,2,4,'abril',3,7,'sabado','Otoño','2009-04-18'),(20090419,2009,1,2,2,4,'abril',3,1,'domingo','Otoño','2009-04-19'),(20090420,2009,1,2,2,4,'abril',3,2,'lunes','Otoño','2009-04-20'),(20090421,2009,1,2,2,4,'abril',3,3,'martes','Otoño','2009-04-21'),(20090422,2009,1,2,2,4,'abril',4,4,'miercoles','Otoño','2009-04-22'),(20090423,2009,1,2,2,4,'abril',4,5,'jueves','Otoño','2009-04-23'),(20090424,2009,1,2,2,4,'abril',4,6,'viernes','Otoño','2009-04-24'),(20090425,2009,1,2,2,4,'abril',4,7,'sabado','Otoño','2009-04-25'),(20090426,2009,1,2,2,4,'abril',4,1,'domingo','Otoño','2009-04-26'),(20090427,2009,1,2,2,4,'abril',4,2,'lunes','Otoño','2009-04-27'),(20090428,2009,1,2,2,4,'abril',4,3,'martes','Otoño','2009-04-28'),(20090429,2009,1,2,2,4,'abril',5,4,'miercoles','Otoño','2009-04-29'),(20090430,2009,1,2,2,4,'abril',5,5,'jueves','Otoño','2009-04-30'),(20090501,2009,1,2,3,5,'mayo',1,6,'viernes','Otoño','2009-05-01'),(20090502,2009,1,2,3,5,'mayo',1,7,'sabado','Otoño','2009-05-02'),(20090503,2009,1,2,3,5,'mayo',1,1,'domingo','Otoño','2009-05-03'),(20090504,2009,1,2,3,5,'mayo',1,2,'lunes','Otoño','2009-05-04'),(20090505,2009,1,2,3,5,'mayo',1,3,'martes','Otoño','2009-05-05'),(20090506,2009,1,2,3,5,'mayo',1,4,'miercoles','Otoño','2009-05-06'),(20090507,2009,1,2,3,5,'mayo',1,5,'jueves','Otoño','2009-05-07'),(20090508,2009,1,2,3,5,'mayo',2,6,'viernes','Otoño','2009-05-08'),(20090509,2009,1,2,3,5,'mayo',2,7,'sabado','Otoño','2009-05-09'),(20090510,2009,1,2,3,5,'mayo',2,1,'domingo','Otoño','2009-05-10'),(20090511,2009,1,2,3,5,'mayo',2,2,'lunes','Otoño','2009-05-11'),(20090512,2009,1,2,3,5,'mayo',2,3,'martes','Otoño','2009-05-12'),(20090513,2009,1,2,3,5,'mayo',2,4,'miercoles','Otoño','2009-05-13'),(20090514,2009,1,2,3,5,'mayo',2,5,'jueves','Otoño','2009-05-14'),(20090515,2009,1,2,3,5,'mayo',3,6,'viernes','Otoño','2009-05-15'),(20090516,2009,1,2,3,5,'mayo',3,7,'sabado','Otoño','2009-05-16'),(20090517,2009,1,2,3,5,'mayo',3,1,'domingo','Otoño','2009-05-17'),(20090518,2009,1,2,3,5,'mayo',3,2,'lunes','Otoño','2009-05-18'),(20090519,2009,1,2,3,5,'mayo',3,3,'martes','Otoño','2009-05-19'),(20090520,2009,1,2,3,5,'mayo',3,4,'miercoles','Otoño','2009-05-20'),(20090521,2009,1,2,3,5,'mayo',3,5,'jueves','Otoño','2009-05-21'),(20090522,2009,1,2,3,5,'mayo',4,6,'viernes','Otoño','2009-05-22'),(20090523,2009,1,2,3,5,'mayo',4,7,'sabado','Otoño','2009-05-23'),(20090524,2009,1,2,3,5,'mayo',4,1,'domingo','Otoño','2009-05-24'),(20090525,2009,1,2,3,5,'mayo',4,2,'lunes','Otoño','2009-05-25'),(20090526,2009,1,2,3,5,'mayo',4,3,'martes','Otoño','2009-05-26'),(20090527,2009,1,2,3,5,'mayo',4,4,'miercoles','Otoño','2009-05-27'),(20090528,2009,1,2,3,5,'mayo',4,5,'jueves','Otoño','2009-05-28'),(20090529,2009,1,2,3,5,'mayo',5,6,'viernes','Otoño','2009-05-29'),(20090530,2009,1,2,3,5,'mayo',5,7,'sabado','Otoño','2009-05-30'),(20090531,2009,1,2,3,5,'mayo',5,1,'domingo','Otoño','2009-05-31'),(20090601,2009,1,2,3,6,'junio',1,2,'lunes','Otoño','2009-06-01'),(20090602,2009,1,2,3,6,'junio',1,3,'martes','Otoño','2009-06-02'),(20090603,2009,1,2,3,6,'junio',1,4,'miercoles','Otoño','2009-06-03'),(20090604,2009,1,2,3,6,'junio',1,5,'jueves','Otoño','2009-06-04'),(20090605,2009,1,2,3,6,'junio',1,6,'viernes','Otoño','2009-06-05'),(20090606,2009,1,2,3,6,'junio',1,7,'sabado','Otoño','2009-06-06'),(20090607,2009,1,2,3,6,'junio',1,1,'domingo','Otoño','2009-06-07'),(20090608,2009,1,2,3,6,'junio',2,2,'lunes','Otoño','2009-06-08'),(20090609,2009,1,2,3,6,'junio',2,3,'martes','Otoño','2009-06-09'),(20090610,2009,1,2,3,6,'junio',2,4,'miercoles','Otoño','2009-06-10'),(20090611,2009,1,2,3,6,'junio',2,5,'jueves','Otoño','2009-06-11'),(20090612,2009,1,2,3,6,'junio',2,6,'viernes','Otoño','2009-06-12'),(20090613,2009,1,2,3,6,'junio',2,7,'sabado','Otoño','2009-06-13'),(20090614,2009,1,2,3,6,'junio',2,1,'domingo','Otoño','2009-06-14'),(20090615,2009,1,2,3,6,'junio',3,2,'lunes','Otoño','2009-06-15'),(20090616,2009,1,2,3,6,'junio',3,3,'martes','Otoño','2009-06-16'),(20090617,2009,1,2,3,6,'junio',3,4,'miercoles','Otoño','2009-06-17'),(20090618,2009,1,2,3,6,'junio',3,5,'jueves','Otoño','2009-06-18'),(20090619,2009,1,2,3,6,'junio',3,6,'viernes','Otoño','2009-06-19'),(20090620,2009,1,2,3,6,'junio',3,7,'sabado','Otoño','2009-06-20'),(20090621,2009,1,2,3,6,'junio',3,1,'domingo','Invierno','2009-06-21'),(20090622,2009,1,2,3,6,'junio',4,2,'lunes','Invierno','2009-06-22'),(20090623,2009,1,2,3,6,'junio',4,3,'martes','Invierno','2009-06-23'),(20090624,2009,1,2,3,6,'junio',4,4,'miercoles','Invierno','2009-06-24'),(20090625,2009,1,2,3,6,'junio',4,5,'jueves','Invierno','2009-06-25'),(20090626,2009,1,2,3,6,'junio',4,6,'viernes','Invierno','2009-06-26'),(20090627,2009,1,2,3,6,'junio',4,7,'sabado','Invierno','2009-06-27'),(20090628,2009,1,2,3,6,'junio',4,1,'domingo','Invierno','2009-06-28'),(20090629,2009,1,2,3,6,'junio',5,2,'lunes','Invierno','2009-06-29'),(20090630,2009,1,2,3,6,'junio',5,3,'martes','Invierno','2009-06-30'),(20090701,2009,2,3,4,7,'julio',1,4,'miercoles','Invierno','2009-07-01'),(20090702,2009,2,3,4,7,'julio',1,5,'jueves','Invierno','2009-07-02'),(20090703,2009,2,3,4,7,'julio',1,6,'viernes','Invierno','2009-07-03'),(20090704,2009,2,3,4,7,'julio',1,7,'sabado','Invierno','2009-07-04'),(20090705,2009,2,3,4,7,'julio',1,1,'domingo','Invierno','2009-07-05'),(20090706,2009,2,3,4,7,'julio',1,2,'lunes','Invierno','2009-07-06'),(20090707,2009,2,3,4,7,'julio',1,3,'martes','Invierno','2009-07-07'),(20090708,2009,2,3,4,7,'julio',2,4,'miercoles','Invierno','2009-07-08'),(20090709,2009,2,3,4,7,'julio',2,5,'jueves','Invierno','2009-07-09'),(20090710,2009,2,3,4,7,'julio',2,6,'viernes','Invierno','2009-07-10'),(20090711,2009,2,3,4,7,'julio',2,7,'sabado','Invierno','2009-07-11'),(20090712,2009,2,3,4,7,'julio',2,1,'domingo','Invierno','2009-07-12'),(20090713,2009,2,3,4,7,'julio',2,2,'lunes','Invierno','2009-07-13'),(20090714,2009,2,3,4,7,'julio',2,3,'martes','Invierno','2009-07-14'),(20090715,2009,2,3,4,7,'julio',3,4,'miercoles','Invierno','2009-07-15'),(20090716,2009,2,3,4,7,'julio',3,5,'jueves','Invierno','2009-07-16'),(20090717,2009,2,3,4,7,'julio',3,6,'viernes','Invierno','2009-07-17'),(20090718,2009,2,3,4,7,'julio',3,7,'sabado','Invierno','2009-07-18'),(20090719,2009,2,3,4,7,'julio',3,1,'domingo','Invierno','2009-07-19'),(20090720,2009,2,3,4,7,'julio',3,2,'lunes','Invierno','2009-07-20'),(20090721,2009,2,3,4,7,'julio',3,3,'martes','Invierno','2009-07-21'),(20090722,2009,2,3,4,7,'julio',4,4,'miercoles','Invierno','2009-07-22'),(20090723,2009,2,3,4,7,'julio',4,5,'jueves','Invierno','2009-07-23'),(20090724,2009,2,3,4,7,'julio',4,6,'viernes','Invierno','2009-07-24'),(20090725,2009,2,3,4,7,'julio',4,7,'sabado','Invierno','2009-07-25'),(20090726,2009,2,3,4,7,'julio',4,1,'domingo','Invierno','2009-07-26'),(20090727,2009,2,3,4,7,'julio',4,2,'lunes','Invierno','2009-07-27'),(20090728,2009,2,3,4,7,'julio',4,3,'martes','Invierno','2009-07-28'),(20090729,2009,2,3,4,7,'julio',5,4,'miercoles','Invierno','2009-07-29'),(20090730,2009,2,3,4,7,'julio',5,5,'jueves','Invierno','2009-07-30'),(20090731,2009,2,3,4,7,'julio',5,6,'viernes','Invierno','2009-07-31'),(20090801,2009,2,3,4,8,'agosto',1,7,'sabado','Invierno','2009-08-01'),(20090802,2009,2,3,4,8,'agosto',1,1,'domingo','Invierno','2009-08-02'),(20090803,2009,2,3,4,8,'agosto',1,2,'lunes','Invierno','2009-08-03'),(20090804,2009,2,3,4,8,'agosto',1,3,'martes','Invierno','2009-08-04'),(20090805,2009,2,3,4,8,'agosto',1,4,'miercoles','Invierno','2009-08-05'),(20090806,2009,2,3,4,8,'agosto',1,5,'jueves','Invierno','2009-08-06'),(20090807,2009,2,3,4,8,'agosto',1,6,'viernes','Invierno','2009-08-07'),(20090808,2009,2,3,4,8,'agosto',2,7,'sabado','Invierno','2009-08-08'),(20090809,2009,2,3,4,8,'agosto',2,1,'domingo','Invierno','2009-08-09'),(20090810,2009,2,3,4,8,'agosto',2,2,'lunes','Invierno','2009-08-10'),(20090811,2009,2,3,4,8,'agosto',2,3,'martes','Invierno','2009-08-11'),(20090812,2009,2,3,4,8,'agosto',2,4,'miercoles','Invierno','2009-08-12'),(20090813,2009,2,3,4,8,'agosto',2,5,'jueves','Invierno','2009-08-13'),(20090814,2009,2,3,4,8,'agosto',2,6,'viernes','Invierno','2009-08-14'),(20090815,2009,2,3,4,8,'agosto',3,7,'sabado','Invierno','2009-08-15'),(20090816,2009,2,3,4,8,'agosto',3,1,'domingo','Invierno','2009-08-16'),(20090817,2009,2,3,4,8,'agosto',3,2,'lunes','Invierno','2009-08-17'),(20090818,2009,2,3,4,8,'agosto',3,3,'martes','Invierno','2009-08-18'),(20090819,2009,2,3,4,8,'agosto',3,4,'miercoles','Invierno','2009-08-19'),(20090820,2009,2,3,4,8,'agosto',3,5,'jueves','Invierno','2009-08-20'),(20090821,2009,2,3,4,8,'agosto',3,6,'viernes','Invierno','2009-08-21'),(20090822,2009,2,3,4,8,'agosto',4,7,'sabado','Invierno','2009-08-22'),(20090823,2009,2,3,4,8,'agosto',4,1,'domingo','Invierno','2009-08-23'),(20090824,2009,2,3,4,8,'agosto',4,2,'lunes','Invierno','2009-08-24'),(20090825,2009,2,3,4,8,'agosto',4,3,'martes','Invierno','2009-08-25'),(20090826,2009,2,3,4,8,'agosto',4,4,'miercoles','Invierno','2009-08-26'),(20090827,2009,2,3,4,8,'agosto',4,5,'jueves','Invierno','2009-08-27'),(20090828,2009,2,3,4,8,'agosto',4,6,'viernes','Invierno','2009-08-28'),(20090829,2009,2,3,4,8,'agosto',5,7,'sabado','Invierno','2009-08-29'),(20090830,2009,2,3,4,8,'agosto',5,1,'domingo','Invierno','2009-08-30'),(20090831,2009,2,3,4,8,'agosto',5,2,'lunes','Invierno','2009-08-31'),(20090901,2009,2,3,5,9,'septiembre',1,3,'martes','Invierno','2009-09-01'),(20090902,2009,2,3,5,9,'septiembre',1,4,'miercoles','Invierno','2009-09-02'),(20090903,2009,2,3,5,9,'septiembre',1,5,'jueves','Invierno','2009-09-03'),(20090904,2009,2,3,5,9,'septiembre',1,6,'viernes','Invierno','2009-09-04'),(20090905,2009,2,3,5,9,'septiembre',1,7,'sabado','Invierno','2009-09-05'),(20090906,2009,2,3,5,9,'septiembre',1,1,'domingo','Invierno','2009-09-06'),(20090907,2009,2,3,5,9,'septiembre',1,2,'lunes','Invierno','2009-09-07'),(20090908,2009,2,3,5,9,'septiembre',2,3,'martes','Invierno','2009-09-08'),(20090909,2009,2,3,5,9,'septiembre',2,4,'miercoles','Invierno','2009-09-09'),(20090910,2009,2,3,5,9,'septiembre',2,5,'jueves','Invierno','2009-09-10'),(20090911,2009,2,3,5,9,'septiembre',2,6,'viernes','Invierno','2009-09-11'),(20090912,2009,2,3,5,9,'septiembre',2,7,'sabado','Invierno','2009-09-12'),(20090913,2009,2,3,5,9,'septiembre',2,1,'domingo','Invierno','2009-09-13'),(20090914,2009,2,3,5,9,'septiembre',2,2,'lunes','Invierno','2009-09-14'),(20090915,2009,2,3,5,9,'septiembre',3,3,'martes','Invierno','2009-09-15'),(20090916,2009,2,3,5,9,'septiembre',3,4,'miercoles','Invierno','2009-09-16'),(20090917,2009,2,3,5,9,'septiembre',3,5,'jueves','Invierno','2009-09-17'),(20090918,2009,2,3,5,9,'septiembre',3,6,'viernes','Invierno','2009-09-18'),(20090919,2009,2,3,5,9,'septiembre',3,7,'sabado','Invierno','2009-09-19'),(20090920,2009,2,3,5,9,'septiembre',3,1,'domingo','Invierno','2009-09-20'),(20090921,2009,2,3,5,9,'septiembre',3,2,'lunes','Primavera','2009-09-21'),(20090922,2009,2,3,5,9,'septiembre',4,3,'martes','Primavera','2009-09-22'),(20090923,2009,2,3,5,9,'septiembre',4,4,'miercoles','Primavera','2009-09-23'),(20090924,2009,2,3,5,9,'septiembre',4,5,'jueves','Primavera','2009-09-24'),(20090925,2009,2,3,5,9,'septiembre',4,6,'viernes','Primavera','2009-09-25'),(20090926,2009,2,3,5,9,'septiembre',4,7,'sabado','Primavera','2009-09-26'),(20090927,2009,2,3,5,9,'septiembre',4,1,'domingo','Primavera','2009-09-27'),(20090928,2009,2,3,5,9,'septiembre',4,2,'lunes','Primavera','2009-09-28'),(20090929,2009,2,3,5,9,'septiembre',5,3,'martes','Primavera','2009-09-29'),(20090930,2009,2,3,5,9,'septiembre',5,4,'miercoles','Primavera','2009-09-30'),(20091001,2009,2,4,5,10,'octubre',1,5,'jueves','Primavera','2009-10-01'),(20091002,2009,2,4,5,10,'octubre',1,6,'viernes','Primavera','2009-10-02'),(20091003,2009,2,4,5,10,'octubre',1,7,'sabado','Primavera','2009-10-03'),(20091004,2009,2,4,5,10,'octubre',1,1,'domingo','Primavera','2009-10-04'),(20091005,2009,2,4,5,10,'octubre',1,2,'lunes','Primavera','2009-10-05'),(20091006,2009,2,4,5,10,'octubre',1,3,'martes','Primavera','2009-10-06'),(20091007,2009,2,4,5,10,'octubre',1,4,'miercoles','Primavera','2009-10-07'),(20091008,2009,2,4,5,10,'octubre',2,5,'jueves','Primavera','2009-10-08'),(20091009,2009,2,4,5,10,'octubre',2,6,'viernes','Primavera','2009-10-09'),(20091010,2009,2,4,5,10,'octubre',2,7,'sabado','Primavera','2009-10-10'),(20091011,2009,2,4,5,10,'octubre',2,1,'domingo','Primavera','2009-10-11'),(20091012,2009,2,4,5,10,'octubre',2,2,'lunes','Primavera','2009-10-12'),(20091013,2009,2,4,5,10,'octubre',2,3,'martes','Primavera','2009-10-13'),(20091014,2009,2,4,5,10,'octubre',2,4,'miercoles','Primavera','2009-10-14'),(20091015,2009,2,4,5,10,'octubre',3,5,'jueves','Primavera','2009-10-15'),(20091016,2009,2,4,5,10,'octubre',3,6,'viernes','Primavera','2009-10-16'),(20091017,2009,2,4,5,10,'octubre',3,7,'sabado','Primavera','2009-10-17'),(20091018,2009,2,4,5,10,'octubre',3,1,'domingo','Primavera','2009-10-18'),(20091019,2009,2,4,5,10,'octubre',3,2,'lunes','Primavera','2009-10-19'),(20091020,2009,2,4,5,10,'octubre',3,3,'martes','Primavera','2009-10-20'),(20091021,2009,2,4,5,10,'octubre',3,4,'miercoles','Primavera','2009-10-21'),(20091022,2009,2,4,5,10,'octubre',4,5,'jueves','Primavera','2009-10-22'),(20091023,2009,2,4,5,10,'octubre',4,6,'viernes','Primavera','2009-10-23'),(20091024,2009,2,4,5,10,'octubre',4,7,'sabado','Primavera','2009-10-24'),(20091025,2009,2,4,5,10,'octubre',4,1,'domingo','Primavera','2009-10-25'),(20091026,2009,2,4,5,10,'octubre',4,2,'lunes','Primavera','2009-10-26'),(20091027,2009,2,4,5,10,'octubre',4,3,'martes','Primavera','2009-10-27'),(20091028,2009,2,4,5,10,'octubre',4,4,'miercoles','Primavera','2009-10-28'),(20091029,2009,2,4,5,10,'octubre',5,5,'jueves','Primavera','2009-10-29'),(20091030,2009,2,4,5,10,'octubre',5,6,'viernes','Primavera','2009-10-30'),(20091031,2009,2,4,5,10,'octubre',5,7,'sabado','Primavera','2009-10-31'),(20091101,2009,2,4,6,11,'noviembre',1,1,'domingo','Primavera','2009-11-01'),(20091102,2009,2,4,6,11,'noviembre',1,2,'lunes','Primavera','2009-11-02'),(20091103,2009,2,4,6,11,'noviembre',1,3,'martes','Primavera','2009-11-03'),(20091104,2009,2,4,6,11,'noviembre',1,4,'miercoles','Primavera','2009-11-04'),(20091105,2009,2,4,6,11,'noviembre',1,5,'jueves','Primavera','2009-11-05'),(20091106,2009,2,4,6,11,'noviembre',1,6,'viernes','Primavera','2009-11-06'),(20091107,2009,2,4,6,11,'noviembre',1,7,'sabado','Primavera','2009-11-07'),(20091108,2009,2,4,6,11,'noviembre',2,1,'domingo','Primavera','2009-11-08'),(20091109,2009,2,4,6,11,'noviembre',2,2,'lunes','Primavera','2009-11-09'),(20091110,2009,2,4,6,11,'noviembre',2,3,'martes','Primavera','2009-11-10'),(20091111,2009,2,4,6,11,'noviembre',2,4,'miercoles','Primavera','2009-11-11'),(20091112,2009,2,4,6,11,'noviembre',2,5,'jueves','Primavera','2009-11-12'),(20091113,2009,2,4,6,11,'noviembre',2,6,'viernes','Primavera','2009-11-13'),(20091114,2009,2,4,6,11,'noviembre',2,7,'sabado','Primavera','2009-11-14'),(20091115,2009,2,4,6,11,'noviembre',3,1,'domingo','Primavera','2009-11-15'),(20091116,2009,2,4,6,11,'noviembre',3,2,'lunes','Primavera','2009-11-16'),(20091117,2009,2,4,6,11,'noviembre',3,3,'martes','Primavera','2009-11-17'),(20091118,2009,2,4,6,11,'noviembre',3,4,'miercoles','Primavera','2009-11-18'),(20091119,2009,2,4,6,11,'noviembre',3,5,'jueves','Primavera','2009-11-19'),(20091120,2009,2,4,6,11,'noviembre',3,6,'viernes','Primavera','2009-11-20'),(20091121,2009,2,4,6,11,'noviembre',3,7,'sabado','Primavera','2009-11-21'),(20091122,2009,2,4,6,11,'noviembre',4,1,'domingo','Primavera','2009-11-22'),(20091123,2009,2,4,6,11,'noviembre',4,2,'lunes','Primavera','2009-11-23'),(20091124,2009,2,4,6,11,'noviembre',4,3,'martes','Primavera','2009-11-24'),(20091125,2009,2,4,6,11,'noviembre',4,4,'miercoles','Primavera','2009-11-25'),(20091126,2009,2,4,6,11,'noviembre',4,5,'jueves','Primavera','2009-11-26'),(20091127,2009,2,4,6,11,'noviembre',4,6,'viernes','Primavera','2009-11-27'),(20091128,2009,2,4,6,11,'noviembre',4,7,'sabado','Primavera','2009-11-28'),(20091129,2009,2,4,6,11,'noviembre',5,1,'domingo','Primavera','2009-11-29'),(20091130,2009,2,4,6,11,'noviembre',5,2,'lunes','Primavera','2009-11-30'),(20091201,2009,2,4,6,12,'diciembre',1,3,'martes','Primavera','2009-12-01'),(20091202,2009,2,4,6,12,'diciembre',1,4,'miercoles','Primavera','2009-12-02'),(20091203,2009,2,4,6,12,'diciembre',1,5,'jueves','Primavera','2009-12-03'),(20091204,2009,2,4,6,12,'diciembre',1,6,'viernes','Primavera','2009-12-04'),(20091205,2009,2,4,6,12,'diciembre',1,7,'sabado','Primavera','2009-12-05'),(20091206,2009,2,4,6,12,'diciembre',1,1,'domingo','Primavera','2009-12-06'),(20091207,2009,2,4,6,12,'diciembre',1,2,'lunes','Primavera','2009-12-07'),(20091208,2009,2,4,6,12,'diciembre',2,3,'martes','Primavera','2009-12-08'),(20091209,2009,2,4,6,12,'diciembre',2,4,'miercoles','Primavera','2009-12-09'),(20091210,2009,2,4,6,12,'diciembre',2,5,'jueves','Primavera','2009-12-10'),(20091211,2009,2,4,6,12,'diciembre',2,6,'viernes','Primavera','2009-12-11'),(20091212,2009,2,4,6,12,'diciembre',2,7,'sabado','Primavera','2009-12-12'),(20091213,2009,2,4,6,12,'diciembre',2,1,'domingo','Primavera','2009-12-13'),(20091214,2009,2,4,6,12,'diciembre',2,2,'lunes','Primavera','2009-12-14'),(20091215,2009,2,4,6,12,'diciembre',3,3,'martes','Primavera','2009-12-15'),(20091216,2009,2,4,6,12,'diciembre',3,4,'miercoles','Primavera','2009-12-16'),(20091217,2009,2,4,6,12,'diciembre',3,5,'jueves','Primavera','2009-12-17'),(20091218,2009,2,4,6,12,'diciembre',3,6,'viernes','Primavera','2009-12-18'),(20091219,2009,2,4,6,12,'diciembre',3,7,'sabado','Primavera','2009-12-19'),(20091220,2009,2,4,6,12,'diciembre',3,1,'domingo','Primavera','2009-12-20'),(20091221,2009,2,4,6,12,'diciembre',3,2,'lunes','Verano','2009-12-21'),(20091222,2009,2,4,6,12,'diciembre',4,3,'martes','Verano','2009-12-22'),(20091223,2009,2,4,6,12,'diciembre',4,4,'miercoles','Verano','2009-12-23'),(20091224,2009,2,4,6,12,'diciembre',4,5,'jueves','Verano','2009-12-24'),(20091225,2009,2,4,6,12,'diciembre',4,6,'viernes','Verano','2009-12-25'),(20091226,2009,2,4,6,12,'diciembre',4,7,'sabado','Verano','2009-12-26'),(20091227,2009,2,4,6,12,'diciembre',4,1,'domingo','Verano','2009-12-27'),(20091228,2009,2,4,6,12,'diciembre',4,2,'lunes','Verano','2009-12-28'),(20091229,2009,2,4,6,12,'diciembre',5,3,'martes','Verano','2009-12-29'),(20091230,2009,2,4,6,12,'diciembre',5,4,'miercoles','Verano','2009-12-30'),(20091231,2009,2,4,6,12,'diciembre',5,5,'jueves','Verano','2009-12-31'),(20100101,2010,1,1,1,1,'enero',1,6,'viernes','Verano','2010-01-01'),(20100102,2010,1,1,1,1,'enero',1,7,'sabado','Verano','2010-01-02'),(20100103,2010,1,1,1,1,'enero',1,1,'domingo','Verano','2010-01-03'),(20100104,2010,1,1,1,1,'enero',1,2,'lunes','Verano','2010-01-04'),(20100105,2010,1,1,1,1,'enero',1,3,'martes','Verano','2010-01-05'),(20100106,2010,1,1,1,1,'enero',1,4,'miercoles','Verano','2010-01-06'),(20100107,2010,1,1,1,1,'enero',1,5,'jueves','Verano','2010-01-07'),(20100108,2010,1,1,1,1,'enero',2,6,'viernes','Verano','2010-01-08'),(20100109,2010,1,1,1,1,'enero',2,7,'sabado','Verano','2010-01-09'),(20100110,2010,1,1,1,1,'enero',2,1,'domingo','Verano','2010-01-10'),(20100111,2010,1,1,1,1,'enero',2,2,'lunes','Verano','2010-01-11'),(20100112,2010,1,1,1,1,'enero',2,3,'martes','Verano','2010-01-12'),(20100113,2010,1,1,1,1,'enero',2,4,'miercoles','Verano','2010-01-13'),(20100114,2010,1,1,1,1,'enero',2,5,'jueves','Verano','2010-01-14'),(20100115,2010,1,1,1,1,'enero',3,6,'viernes','Verano','2010-01-15'),(20100116,2010,1,1,1,1,'enero',3,7,'sabado','Verano','2010-01-16'),(20100117,2010,1,1,1,1,'enero',3,1,'domingo','Verano','2010-01-17'),(20100118,2010,1,1,1,1,'enero',3,2,'lunes','Verano','2010-01-18'),(20100119,2010,1,1,1,1,'enero',3,3,'martes','Verano','2010-01-19'),(20100120,2010,1,1,1,1,'enero',3,4,'miercoles','Verano','2010-01-20'),(20100121,2010,1,1,1,1,'enero',3,5,'jueves','Verano','2010-01-21'),(20100122,2010,1,1,1,1,'enero',4,6,'viernes','Verano','2010-01-22'),(20100123,2010,1,1,1,1,'enero',4,7,'sabado','Verano','2010-01-23'),(20100124,2010,1,1,1,1,'enero',4,1,'domingo','Verano','2010-01-24'),(20100125,2010,1,1,1,1,'enero',4,2,'lunes','Verano','2010-01-25'),(20100126,2010,1,1,1,1,'enero',4,3,'martes','Verano','2010-01-26'),(20100127,2010,1,1,1,1,'enero',4,4,'miercoles','Verano','2010-01-27'),(20100128,2010,1,1,1,1,'enero',4,5,'jueves','Verano','2010-01-28'),(20100129,2010,1,1,1,1,'enero',5,6,'viernes','Verano','2010-01-29'),(20100130,2010,1,1,1,1,'enero',5,7,'sabado','Verano','2010-01-30'),(20100131,2010,1,1,1,1,'enero',5,1,'domingo','Verano','2010-01-31'),(20100201,2010,1,1,1,2,'febrero',1,2,'lunes','Verano','2010-02-01'),(20100202,2010,1,1,1,2,'febrero',1,3,'martes','Verano','2010-02-02'),(20100203,2010,1,1,1,2,'febrero',1,4,'miercoles','Verano','2010-02-03'),(20100204,2010,1,1,1,2,'febrero',1,5,'jueves','Verano','2010-02-04'),(20100205,2010,1,1,1,2,'febrero',1,6,'viernes','Verano','2010-02-05'),(20100206,2010,1,1,1,2,'febrero',1,7,'sabado','Verano','2010-02-06'),(20100207,2010,1,1,1,2,'febrero',1,1,'domingo','Verano','2010-02-07'),(20100208,2010,1,1,1,2,'febrero',2,2,'lunes','Verano','2010-02-08'),(20100209,2010,1,1,1,2,'febrero',2,3,'martes','Verano','2010-02-09'),(20100210,2010,1,1,1,2,'febrero',2,4,'miercoles','Verano','2010-02-10'),(20100211,2010,1,1,1,2,'febrero',2,5,'jueves','Verano','2010-02-11'),(20100212,2010,1,1,1,2,'febrero',2,6,'viernes','Verano','2010-02-12'),(20100213,2010,1,1,1,2,'febrero',2,7,'sabado','Verano','2010-02-13'),(20100214,2010,1,1,1,2,'febrero',2,1,'domingo','Verano','2010-02-14'),(20100215,2010,1,1,1,2,'febrero',3,2,'lunes','Verano','2010-02-15'),(20100216,2010,1,1,1,2,'febrero',3,3,'martes','Verano','2010-02-16'),(20100217,2010,1,1,1,2,'febrero',3,4,'miercoles','Verano','2010-02-17'),(20100218,2010,1,1,1,2,'febrero',3,5,'jueves','Verano','2010-02-18'),(20100219,2010,1,1,1,2,'febrero',3,6,'viernes','Verano','2010-02-19'),(20100220,2010,1,1,1,2,'febrero',3,7,'sabado','Verano','2010-02-20'),(20100221,2010,1,1,1,2,'febrero',3,1,'domingo','Verano','2010-02-21'),(20100222,2010,1,1,1,2,'febrero',4,2,'lunes','Verano','2010-02-22'),(20100223,2010,1,1,1,2,'febrero',4,3,'martes','Verano','2010-02-23'),(20100224,2010,1,1,1,2,'febrero',4,4,'miercoles','Verano','2010-02-24'),(20100225,2010,1,1,1,2,'febrero',4,5,'jueves','Verano','2010-02-25'),(20100226,2010,1,1,1,2,'febrero',4,6,'viernes','Verano','2010-02-26'),(20100227,2010,1,1,1,2,'febrero',4,7,'sabado','Verano','2010-02-27'),(20100228,2010,1,1,1,2,'febrero',4,1,'domingo','Verano','2010-02-28'),(20100301,2010,1,1,2,3,'marzo',1,2,'lunes','Verano','2010-03-01'),(20100302,2010,1,1,2,3,'marzo',1,3,'martes','Verano','2010-03-02'),(20100303,2010,1,1,2,3,'marzo',1,4,'miercoles','Verano','2010-03-03'),(20100304,2010,1,1,2,3,'marzo',1,5,'jueves','Verano','2010-03-04'),(20100305,2010,1,1,2,3,'marzo',1,6,'viernes','Verano','2010-03-05'),(20100306,2010,1,1,2,3,'marzo',1,7,'sabado','Verano','2010-03-06'),(20100307,2010,1,1,2,3,'marzo',1,1,'domingo','Verano','2010-03-07'),(20100308,2010,1,1,2,3,'marzo',2,2,'lunes','Verano','2010-03-08'),(20100309,2010,1,1,2,3,'marzo',2,3,'martes','Verano','2010-03-09'),(20100310,2010,1,1,2,3,'marzo',2,4,'miercoles','Verano','2010-03-10'),(20100311,2010,1,1,2,3,'marzo',2,5,'jueves','Verano','2010-03-11'),(20100312,2010,1,1,2,3,'marzo',2,6,'viernes','Verano','2010-03-12'),(20100313,2010,1,1,2,3,'marzo',2,7,'sabado','Verano','2010-03-13'),(20100314,2010,1,1,2,3,'marzo',2,1,'domingo','Verano','2010-03-14'),(20100315,2010,1,1,2,3,'marzo',3,2,'lunes','Verano','2010-03-15'),(20100316,2010,1,1,2,3,'marzo',3,3,'martes','Verano','2010-03-16'),(20100317,2010,1,1,2,3,'marzo',3,4,'miercoles','Verano','2010-03-17'),(20100318,2010,1,1,2,3,'marzo',3,5,'jueves','Verano','2010-03-18'),(20100319,2010,1,1,2,3,'marzo',3,6,'viernes','Verano','2010-03-19'),(20100320,2010,1,1,2,3,'marzo',3,7,'sabado','Verano','2010-03-20'),(20100321,2010,1,1,2,3,'marzo',3,1,'domingo','Otoño','2010-03-21'),(20100322,2010,1,1,2,3,'marzo',4,2,'lunes','Otoño','2010-03-22'),(20100323,2010,1,1,2,3,'marzo',4,3,'martes','Otoño','2010-03-23'),(20100324,2010,1,1,2,3,'marzo',4,4,'miercoles','Otoño','2010-03-24'),(20100325,2010,1,1,2,3,'marzo',4,5,'jueves','Otoño','2010-03-25'),(20100326,2010,1,1,2,3,'marzo',4,6,'viernes','Otoño','2010-03-26'),(20100327,2010,1,1,2,3,'marzo',4,7,'sabado','Otoño','2010-03-27'),(20100328,2010,1,1,2,3,'marzo',4,1,'domingo','Otoño','2010-03-28'),(20100329,2010,1,1,2,3,'marzo',5,2,'lunes','Otoño','2010-03-29'),(20100330,2010,1,1,2,3,'marzo',5,3,'martes','Otoño','2010-03-30'),(20100331,2010,1,1,2,3,'marzo',5,4,'miercoles','Otoño','2010-03-31'),(20100401,2010,1,2,2,4,'abril',1,5,'jueves','Otoño','2010-04-01'),(20100402,2010,1,2,2,4,'abril',1,6,'viernes','Otoño','2010-04-02'),(20100403,2010,1,2,2,4,'abril',1,7,'sabado','Otoño','2010-04-03'),(20100404,2010,1,2,2,4,'abril',1,1,'domingo','Otoño','2010-04-04'),(20100405,2010,1,2,2,4,'abril',1,2,'lunes','Otoño','2010-04-05'),(20100406,2010,1,2,2,4,'abril',1,3,'martes','Otoño','2010-04-06'),(20100407,2010,1,2,2,4,'abril',1,4,'miercoles','Otoño','2010-04-07'),(20100408,2010,1,2,2,4,'abril',2,5,'jueves','Otoño','2010-04-08'),(20100409,2010,1,2,2,4,'abril',2,6,'viernes','Otoño','2010-04-09'),(20100410,2010,1,2,2,4,'abril',2,7,'sabado','Otoño','2010-04-10'),(20100411,2010,1,2,2,4,'abril',2,1,'domingo','Otoño','2010-04-11'),(20100412,2010,1,2,2,4,'abril',2,2,'lunes','Otoño','2010-04-12'),(20100413,2010,1,2,2,4,'abril',2,3,'martes','Otoño','2010-04-13'),(20100414,2010,1,2,2,4,'abril',2,4,'miercoles','Otoño','2010-04-14'),(20100415,2010,1,2,2,4,'abril',3,5,'jueves','Otoño','2010-04-15'),(20100416,2010,1,2,2,4,'abril',3,6,'viernes','Otoño','2010-04-16'),(20100417,2010,1,2,2,4,'abril',3,7,'sabado','Otoño','2010-04-17'),(20100418,2010,1,2,2,4,'abril',3,1,'domingo','Otoño','2010-04-18'),(20100419,2010,1,2,2,4,'abril',3,2,'lunes','Otoño','2010-04-19'),(20100420,2010,1,2,2,4,'abril',3,3,'martes','Otoño','2010-04-20'),(20100421,2010,1,2,2,4,'abril',3,4,'miercoles','Otoño','2010-04-21'),(20100422,2010,1,2,2,4,'abril',4,5,'jueves','Otoño','2010-04-22'),(20100423,2010,1,2,2,4,'abril',4,6,'viernes','Otoño','2010-04-23'),(20100424,2010,1,2,2,4,'abril',4,7,'sabado','Otoño','2010-04-24'),(20100425,2010,1,2,2,4,'abril',4,1,'domingo','Otoño','2010-04-25'),(20100426,2010,1,2,2,4,'abril',4,2,'lunes','Otoño','2010-04-26'),(20100427,2010,1,2,2,4,'abril',4,3,'martes','Otoño','2010-04-27'),(20100428,2010,1,2,2,4,'abril',4,4,'miercoles','Otoño','2010-04-28'),(20100429,2010,1,2,2,4,'abril',5,5,'jueves','Otoño','2010-04-29'),(20100430,2010,1,2,2,4,'abril',5,6,'viernes','Otoño','2010-04-30'),(20100501,2010,1,2,3,5,'mayo',1,7,'sabado','Otoño','2010-05-01'),(20100502,2010,1,2,3,5,'mayo',1,1,'domingo','Otoño','2010-05-02'),(20100503,2010,1,2,3,5,'mayo',1,2,'lunes','Otoño','2010-05-03'),(20100504,2010,1,2,3,5,'mayo',1,3,'martes','Otoño','2010-05-04'),(20100505,2010,1,2,3,5,'mayo',1,4,'miercoles','Otoño','2010-05-05'),(20100506,2010,1,2,3,5,'mayo',1,5,'jueves','Otoño','2010-05-06'),(20100507,2010,1,2,3,5,'mayo',1,6,'viernes','Otoño','2010-05-07'),(20100508,2010,1,2,3,5,'mayo',2,7,'sabado','Otoño','2010-05-08'),(20100509,2010,1,2,3,5,'mayo',2,1,'domingo','Otoño','2010-05-09'),(20100510,2010,1,2,3,5,'mayo',2,2,'lunes','Otoño','2010-05-10'),(20100511,2010,1,2,3,5,'mayo',2,3,'martes','Otoño','2010-05-11'),(20100512,2010,1,2,3,5,'mayo',2,4,'miercoles','Otoño','2010-05-12'),(20100513,2010,1,2,3,5,'mayo',2,5,'jueves','Otoño','2010-05-13'),(20100514,2010,1,2,3,5,'mayo',2,6,'viernes','Otoño','2010-05-14'),(20100515,2010,1,2,3,5,'mayo',3,7,'sabado','Otoño','2010-05-15'),(20100516,2010,1,2,3,5,'mayo',3,1,'domingo','Otoño','2010-05-16'),(20100517,2010,1,2,3,5,'mayo',3,2,'lunes','Otoño','2010-05-17'),(20100518,2010,1,2,3,5,'mayo',3,3,'martes','Otoño','2010-05-18'),(20100519,2010,1,2,3,5,'mayo',3,4,'miercoles','Otoño','2010-05-19'),(20100520,2010,1,2,3,5,'mayo',3,5,'jueves','Otoño','2010-05-20'),(20100521,2010,1,2,3,5,'mayo',3,6,'viernes','Otoño','2010-05-21'),(20100522,2010,1,2,3,5,'mayo',4,7,'sabado','Otoño','2010-05-22'),(20100523,2010,1,2,3,5,'mayo',4,1,'domingo','Otoño','2010-05-23'),(20100524,2010,1,2,3,5,'mayo',4,2,'lunes','Otoño','2010-05-24'),(20100525,2010,1,2,3,5,'mayo',4,3,'martes','Otoño','2010-05-25'),(20100526,2010,1,2,3,5,'mayo',4,4,'miercoles','Otoño','2010-05-26'),(20100527,2010,1,2,3,5,'mayo',4,5,'jueves','Otoño','2010-05-27'),(20100528,2010,1,2,3,5,'mayo',4,6,'viernes','Otoño','2010-05-28'),(20100529,2010,1,2,3,5,'mayo',5,7,'sabado','Otoño','2010-05-29'),(20100530,2010,1,2,3,5,'mayo',5,1,'domingo','Otoño','2010-05-30'),(20100531,2010,1,2,3,5,'mayo',5,2,'lunes','Otoño','2010-05-31'),(20100601,2010,1,2,3,6,'junio',1,3,'martes','Otoño','2010-06-01'),(20100602,2010,1,2,3,6,'junio',1,4,'miercoles','Otoño','2010-06-02'),(20100603,2010,1,2,3,6,'junio',1,5,'jueves','Otoño','2010-06-03'),(20100604,2010,1,2,3,6,'junio',1,6,'viernes','Otoño','2010-06-04'),(20100605,2010,1,2,3,6,'junio',1,7,'sabado','Otoño','2010-06-05'),(20100606,2010,1,2,3,6,'junio',1,1,'domingo','Otoño','2010-06-06'),(20100607,2010,1,2,3,6,'junio',1,2,'lunes','Otoño','2010-06-07'),(20100608,2010,1,2,3,6,'junio',2,3,'martes','Otoño','2010-06-08'),(20100609,2010,1,2,3,6,'junio',2,4,'miercoles','Otoño','2010-06-09'),(20100610,2010,1,2,3,6,'junio',2,5,'jueves','Otoño','2010-06-10'),(20100611,2010,1,2,3,6,'junio',2,6,'viernes','Otoño','2010-06-11'),(20100612,2010,1,2,3,6,'junio',2,7,'sabado','Otoño','2010-06-12'),(20100613,2010,1,2,3,6,'junio',2,1,'domingo','Otoño','2010-06-13'),(20100614,2010,1,2,3,6,'junio',2,2,'lunes','Otoño','2010-06-14'),(20100615,2010,1,2,3,6,'junio',3,3,'martes','Otoño','2010-06-15'),(20100616,2010,1,2,3,6,'junio',3,4,'miercoles','Otoño','2010-06-16'),(20100617,2010,1,2,3,6,'junio',3,5,'jueves','Otoño','2010-06-17'),(20100618,2010,1,2,3,6,'junio',3,6,'viernes','Otoño','2010-06-18'),(20100619,2010,1,2,3,6,'junio',3,7,'sabado','Otoño','2010-06-19'),(20100620,2010,1,2,3,6,'junio',3,1,'domingo','Otoño','2010-06-20'),(20100621,2010,1,2,3,6,'junio',3,2,'lunes','Invierno','2010-06-21'),(20100622,2010,1,2,3,6,'junio',4,3,'martes','Invierno','2010-06-22'),(20100623,2010,1,2,3,6,'junio',4,4,'miercoles','Invierno','2010-06-23'),(20100624,2010,1,2,3,6,'junio',4,5,'jueves','Invierno','2010-06-24'),(20100625,2010,1,2,3,6,'junio',4,6,'viernes','Invierno','2010-06-25'),(20100626,2010,1,2,3,6,'junio',4,7,'sabado','Invierno','2010-06-26'),(20100627,2010,1,2,3,6,'junio',4,1,'domingo','Invierno','2010-06-27'),(20100628,2010,1,2,3,6,'junio',4,2,'lunes','Invierno','2010-06-28'),(20100629,2010,1,2,3,6,'junio',5,3,'martes','Invierno','2010-06-29'),(20100630,2010,1,2,3,6,'junio',5,4,'miercoles','Invierno','2010-06-30'),(20100701,2010,2,3,4,7,'julio',1,5,'jueves','Invierno','2010-07-01'),(20100702,2010,2,3,4,7,'julio',1,6,'viernes','Invierno','2010-07-02'),(20100703,2010,2,3,4,7,'julio',1,7,'sabado','Invierno','2010-07-03'),(20100704,2010,2,3,4,7,'julio',1,1,'domingo','Invierno','2010-07-04'),(20100705,2010,2,3,4,7,'julio',1,2,'lunes','Invierno','2010-07-05'),(20100706,2010,2,3,4,7,'julio',1,3,'martes','Invierno','2010-07-06'),(20100707,2010,2,3,4,7,'julio',1,4,'miercoles','Invierno','2010-07-07'),(20100708,2010,2,3,4,7,'julio',2,5,'jueves','Invierno','2010-07-08'),(20100709,2010,2,3,4,7,'julio',2,6,'viernes','Invierno','2010-07-09'),(20100710,2010,2,3,4,7,'julio',2,7,'sabado','Invierno','2010-07-10'),(20100711,2010,2,3,4,7,'julio',2,1,'domingo','Invierno','2010-07-11'),(20100712,2010,2,3,4,7,'julio',2,2,'lunes','Invierno','2010-07-12'),(20100713,2010,2,3,4,7,'julio',2,3,'martes','Invierno','2010-07-13'),(20100714,2010,2,3,4,7,'julio',2,4,'miercoles','Invierno','2010-07-14'),(20100715,2010,2,3,4,7,'julio',3,5,'jueves','Invierno','2010-07-15'),(20100716,2010,2,3,4,7,'julio',3,6,'viernes','Invierno','2010-07-16'),(20100717,2010,2,3,4,7,'julio',3,7,'sabado','Invierno','2010-07-17'),(20100718,2010,2,3,4,7,'julio',3,1,'domingo','Invierno','2010-07-18'),(20100719,2010,2,3,4,7,'julio',3,2,'lunes','Invierno','2010-07-19'),(20100720,2010,2,3,4,7,'julio',3,3,'martes','Invierno','2010-07-20'),(20100721,2010,2,3,4,7,'julio',3,4,'miercoles','Invierno','2010-07-21'),(20100722,2010,2,3,4,7,'julio',4,5,'jueves','Invierno','2010-07-22'),(20100723,2010,2,3,4,7,'julio',4,6,'viernes','Invierno','2010-07-23'),(20100724,2010,2,3,4,7,'julio',4,7,'sabado','Invierno','2010-07-24'),(20100725,2010,2,3,4,7,'julio',4,1,'domingo','Invierno','2010-07-25'),(20100726,2010,2,3,4,7,'julio',4,2,'lunes','Invierno','2010-07-26'),(20100727,2010,2,3,4,7,'julio',4,3,'martes','Invierno','2010-07-27'),(20100728,2010,2,3,4,7,'julio',4,4,'miercoles','Invierno','2010-07-28'),(20100729,2010,2,3,4,7,'julio',5,5,'jueves','Invierno','2010-07-29'),(20100730,2010,2,3,4,7,'julio',5,6,'viernes','Invierno','2010-07-30'),(20100731,2010,2,3,4,7,'julio',5,7,'sabado','Invierno','2010-07-31'),(20100801,2010,2,3,4,8,'agosto',1,1,'domingo','Invierno','2010-08-01'),(20100802,2010,2,3,4,8,'agosto',1,2,'lunes','Invierno','2010-08-02'),(20100803,2010,2,3,4,8,'agosto',1,3,'martes','Invierno','2010-08-03'),(20100804,2010,2,3,4,8,'agosto',1,4,'miercoles','Invierno','2010-08-04'),(20100805,2010,2,3,4,8,'agosto',1,5,'jueves','Invierno','2010-08-05'),(20100806,2010,2,3,4,8,'agosto',1,6,'viernes','Invierno','2010-08-06'),(20100807,2010,2,3,4,8,'agosto',1,7,'sabado','Invierno','2010-08-07'),(20100808,2010,2,3,4,8,'agosto',2,1,'domingo','Invierno','2010-08-08'),(20100809,2010,2,3,4,8,'agosto',2,2,'lunes','Invierno','2010-08-09'),(20100810,2010,2,3,4,8,'agosto',2,3,'martes','Invierno','2010-08-10'),(20100811,2010,2,3,4,8,'agosto',2,4,'miercoles','Invierno','2010-08-11'),(20100812,2010,2,3,4,8,'agosto',2,5,'jueves','Invierno','2010-08-12'),(20100813,2010,2,3,4,8,'agosto',2,6,'viernes','Invierno','2010-08-13'),(20100814,2010,2,3,4,8,'agosto',2,7,'sabado','Invierno','2010-08-14'),(20100815,2010,2,3,4,8,'agosto',3,1,'domingo','Invierno','2010-08-15'),(20100816,2010,2,3,4,8,'agosto',3,2,'lunes','Invierno','2010-08-16'),(20100817,2010,2,3,4,8,'agosto',3,3,'martes','Invierno','2010-08-17'),(20100818,2010,2,3,4,8,'agosto',3,4,'miercoles','Invierno','2010-08-18'),(20100819,2010,2,3,4,8,'agosto',3,5,'jueves','Invierno','2010-08-19'),(20100820,2010,2,3,4,8,'agosto',3,6,'viernes','Invierno','2010-08-20'),(20100821,2010,2,3,4,8,'agosto',3,7,'sabado','Invierno','2010-08-21'),(20100822,2010,2,3,4,8,'agosto',4,1,'domingo','Invierno','2010-08-22'),(20100823,2010,2,3,4,8,'agosto',4,2,'lunes','Invierno','2010-08-23'),(20100824,2010,2,3,4,8,'agosto',4,3,'martes','Invierno','2010-08-24'),(20100825,2010,2,3,4,8,'agosto',4,4,'miercoles','Invierno','2010-08-25'),(20100826,2010,2,3,4,8,'agosto',4,5,'jueves','Invierno','2010-08-26'),(20100827,2010,2,3,4,8,'agosto',4,6,'viernes','Invierno','2010-08-27'),(20100828,2010,2,3,4,8,'agosto',4,7,'sabado','Invierno','2010-08-28'),(20100829,2010,2,3,4,8,'agosto',5,1,'domingo','Invierno','2010-08-29'),(20100830,2010,2,3,4,8,'agosto',5,2,'lunes','Invierno','2010-08-30'),(20100831,2010,2,3,4,8,'agosto',5,3,'martes','Invierno','2010-08-31'),(20100901,2010,2,3,5,9,'septiembre',1,4,'miercoles','Invierno','2010-09-01'),(20100902,2010,2,3,5,9,'septiembre',1,5,'jueves','Invierno','2010-09-02'),(20100903,2010,2,3,5,9,'septiembre',1,6,'viernes','Invierno','2010-09-03'),(20100904,2010,2,3,5,9,'septiembre',1,7,'sabado','Invierno','2010-09-04'),(20100905,2010,2,3,5,9,'septiembre',1,1,'domingo','Invierno','2010-09-05'),(20100906,2010,2,3,5,9,'septiembre',1,2,'lunes','Invierno','2010-09-06'),(20100907,2010,2,3,5,9,'septiembre',1,3,'martes','Invierno','2010-09-07'),(20100908,2010,2,3,5,9,'septiembre',2,4,'miercoles','Invierno','2010-09-08'),(20100909,2010,2,3,5,9,'septiembre',2,5,'jueves','Invierno','2010-09-09'),(20100910,2010,2,3,5,9,'septiembre',2,6,'viernes','Invierno','2010-09-10'),(20100911,2010,2,3,5,9,'septiembre',2,7,'sabado','Invierno','2010-09-11'),(20100912,2010,2,3,5,9,'septiembre',2,1,'domingo','Invierno','2010-09-12'),(20100913,2010,2,3,5,9,'septiembre',2,2,'lunes','Invierno','2010-09-13'),(20100914,2010,2,3,5,9,'septiembre',2,3,'martes','Invierno','2010-09-14'),(20100915,2010,2,3,5,9,'septiembre',3,4,'miercoles','Invierno','2010-09-15'),(20100916,2010,2,3,5,9,'septiembre',3,5,'jueves','Invierno','2010-09-16'),(20100917,2010,2,3,5,9,'septiembre',3,6,'viernes','Invierno','2010-09-17'),(20100918,2010,2,3,5,9,'septiembre',3,7,'sabado','Invierno','2010-09-18'),(20100919,2010,2,3,5,9,'septiembre',3,1,'domingo','Invierno','2010-09-19'),(20100920,2010,2,3,5,9,'septiembre',3,2,'lunes','Invierno','2010-09-20'),(20100921,2010,2,3,5,9,'septiembre',3,3,'martes','Primavera','2010-09-21'),(20100922,2010,2,3,5,9,'septiembre',4,4,'miercoles','Primavera','2010-09-22'),(20100923,2010,2,3,5,9,'septiembre',4,5,'jueves','Primavera','2010-09-23'),(20100924,2010,2,3,5,9,'septiembre',4,6,'viernes','Primavera','2010-09-24'),(20100925,2010,2,3,5,9,'septiembre',4,7,'sabado','Primavera','2010-09-25'),(20100926,2010,2,3,5,9,'septiembre',4,1,'domingo','Primavera','2010-09-26'),(20100927,2010,2,3,5,9,'septiembre',4,2,'lunes','Primavera','2010-09-27'),(20100928,2010,2,3,5,9,'septiembre',4,3,'martes','Primavera','2010-09-28'),(20100929,2010,2,3,5,9,'septiembre',5,4,'miercoles','Primavera','2010-09-29'),(20100930,2010,2,3,5,9,'septiembre',5,5,'jueves','Primavera','2010-09-30'),(20101001,2010,2,4,5,10,'octubre',1,6,'viernes','Primavera','2010-10-01'),(20101002,2010,2,4,5,10,'octubre',1,7,'sabado','Primavera','2010-10-02'),(20101003,2010,2,4,5,10,'octubre',1,1,'domingo','Primavera','2010-10-03'),(20101004,2010,2,4,5,10,'octubre',1,2,'lunes','Primavera','2010-10-04'),(20101005,2010,2,4,5,10,'octubre',1,3,'martes','Primavera','2010-10-05'),(20101006,2010,2,4,5,10,'octubre',1,4,'miercoles','Primavera','2010-10-06'),(20101007,2010,2,4,5,10,'octubre',1,5,'jueves','Primavera','2010-10-07'),(20101008,2010,2,4,5,10,'octubre',2,6,'viernes','Primavera','2010-10-08'),(20101009,2010,2,4,5,10,'octubre',2,7,'sabado','Primavera','2010-10-09'),(20101010,2010,2,4,5,10,'octubre',2,1,'domingo','Primavera','2010-10-10'),(20101011,2010,2,4,5,10,'octubre',2,2,'lunes','Primavera','2010-10-11'),(20101012,2010,2,4,5,10,'octubre',2,3,'martes','Primavera','2010-10-12'),(20101013,2010,2,4,5,10,'octubre',2,4,'miercoles','Primavera','2010-10-13'),(20101014,2010,2,4,5,10,'octubre',2,5,'jueves','Primavera','2010-10-14'),(20101015,2010,2,4,5,10,'octubre',3,6,'viernes','Primavera','2010-10-15'),(20101016,2010,2,4,5,10,'octubre',3,7,'sabado','Primavera','2010-10-16'),(20101017,2010,2,4,5,10,'octubre',3,1,'domingo','Primavera','2010-10-17'),(20101018,2010,2,4,5,10,'octubre',3,2,'lunes','Primavera','2010-10-18'),(20101019,2010,2,4,5,10,'octubre',3,3,'martes','Primavera','2010-10-19'),(20101020,2010,2,4,5,10,'octubre',3,4,'miercoles','Primavera','2010-10-20'),(20101021,2010,2,4,5,10,'octubre',3,5,'jueves','Primavera','2010-10-21'),(20101022,2010,2,4,5,10,'octubre',4,6,'viernes','Primavera','2010-10-22'),(20101023,2010,2,4,5,10,'octubre',4,7,'sabado','Primavera','2010-10-23'),(20101024,2010,2,4,5,10,'octubre',4,1,'domingo','Primavera','2010-10-24'),(20101025,2010,2,4,5,10,'octubre',4,2,'lunes','Primavera','2010-10-25'),(20101026,2010,2,4,5,10,'octubre',4,3,'martes','Primavera','2010-10-26'),(20101027,2010,2,4,5,10,'octubre',4,4,'miercoles','Primavera','2010-10-27'),(20101028,2010,2,4,5,10,'octubre',4,5,'jueves','Primavera','2010-10-28'),(20101029,2010,2,4,5,10,'octubre',5,6,'viernes','Primavera','2010-10-29'),(20101030,2010,2,4,5,10,'octubre',5,7,'sabado','Primavera','2010-10-30'),(20101031,2010,2,4,5,10,'octubre',5,1,'domingo','Primavera','2010-10-31'),(20101101,2010,2,4,6,11,'noviembre',1,2,'lunes','Primavera','2010-11-01'),(20101102,2010,2,4,6,11,'noviembre',1,3,'martes','Primavera','2010-11-02'),(20101103,2010,2,4,6,11,'noviembre',1,4,'miercoles','Primavera','2010-11-03'),(20101104,2010,2,4,6,11,'noviembre',1,5,'jueves','Primavera','2010-11-04'),(20101105,2010,2,4,6,11,'noviembre',1,6,'viernes','Primavera','2010-11-05'),(20101106,2010,2,4,6,11,'noviembre',1,7,'sabado','Primavera','2010-11-06'),(20101107,2010,2,4,6,11,'noviembre',1,1,'domingo','Primavera','2010-11-07'),(20101108,2010,2,4,6,11,'noviembre',2,2,'lunes','Primavera','2010-11-08'),(20101109,2010,2,4,6,11,'noviembre',2,3,'martes','Primavera','2010-11-09'),(20101110,2010,2,4,6,11,'noviembre',2,4,'miercoles','Primavera','2010-11-10'),(20101111,2010,2,4,6,11,'noviembre',2,5,'jueves','Primavera','2010-11-11'),(20101112,2010,2,4,6,11,'noviembre',2,6,'viernes','Primavera','2010-11-12'),(20101113,2010,2,4,6,11,'noviembre',2,7,'sabado','Primavera','2010-11-13'),(20101114,2010,2,4,6,11,'noviembre',2,1,'domingo','Primavera','2010-11-14'),(20101115,2010,2,4,6,11,'noviembre',3,2,'lunes','Primavera','2010-11-15'),(20101116,2010,2,4,6,11,'noviembre',3,3,'martes','Primavera','2010-11-16'),(20101117,2010,2,4,6,11,'noviembre',3,4,'miercoles','Primavera','2010-11-17'),(20101118,2010,2,4,6,11,'noviembre',3,5,'jueves','Primavera','2010-11-18'),(20101119,2010,2,4,6,11,'noviembre',3,6,'viernes','Primavera','2010-11-19'),(20101120,2010,2,4,6,11,'noviembre',3,7,'sabado','Primavera','2010-11-20'),(20101121,2010,2,4,6,11,'noviembre',3,1,'domingo','Primavera','2010-11-21'),(20101122,2010,2,4,6,11,'noviembre',4,2,'lunes','Primavera','2010-11-22'),(20101123,2010,2,4,6,11,'noviembre',4,3,'martes','Primavera','2010-11-23'),(20101124,2010,2,4,6,11,'noviembre',4,4,'miercoles','Primavera','2010-11-24'),(20101125,2010,2,4,6,11,'noviembre',4,5,'jueves','Primavera','2010-11-25'),(20101126,2010,2,4,6,11,'noviembre',4,6,'viernes','Primavera','2010-11-26'),(20101127,2010,2,4,6,11,'noviembre',4,7,'sabado','Primavera','2010-11-27'),(20101128,2010,2,4,6,11,'noviembre',4,1,'domingo','Primavera','2010-11-28'),(20101129,2010,2,4,6,11,'noviembre',5,2,'lunes','Primavera','2010-11-29'),(20101130,2010,2,4,6,11,'noviembre',5,3,'martes','Primavera','2010-11-30'),(20101201,2010,2,4,6,12,'diciembre',1,4,'miercoles','Primavera','2010-12-01'),(20101202,2010,2,4,6,12,'diciembre',1,5,'jueves','Primavera','2010-12-02'),(20101203,2010,2,4,6,12,'diciembre',1,6,'viernes','Primavera','2010-12-03'),(20101204,2010,2,4,6,12,'diciembre',1,7,'sabado','Primavera','2010-12-04'),(20101205,2010,2,4,6,12,'diciembre',1,1,'domingo','Primavera','2010-12-05'),(20101206,2010,2,4,6,12,'diciembre',1,2,'lunes','Primavera','2010-12-06'),(20101207,2010,2,4,6,12,'diciembre',1,3,'martes','Primavera','2010-12-07'),(20101208,2010,2,4,6,12,'diciembre',2,4,'miercoles','Primavera','2010-12-08'),(20101209,2010,2,4,6,12,'diciembre',2,5,'jueves','Primavera','2010-12-09'),(20101210,2010,2,4,6,12,'diciembre',2,6,'viernes','Primavera','2010-12-10'),(20101211,2010,2,4,6,12,'diciembre',2,7,'sabado','Primavera','2010-12-11'),(20101212,2010,2,4,6,12,'diciembre',2,1,'domingo','Primavera','2010-12-12'),(20101213,2010,2,4,6,12,'diciembre',2,2,'lunes','Primavera','2010-12-13'),(20101214,2010,2,4,6,12,'diciembre',2,3,'martes','Primavera','2010-12-14'),(20101215,2010,2,4,6,12,'diciembre',3,4,'miercoles','Primavera','2010-12-15'),(20101216,2010,2,4,6,12,'diciembre',3,5,'jueves','Primavera','2010-12-16'),(20101217,2010,2,4,6,12,'diciembre',3,6,'viernes','Primavera','2010-12-17'),(20101218,2010,2,4,6,12,'diciembre',3,7,'sabado','Primavera','2010-12-18'),(20101219,2010,2,4,6,12,'diciembre',3,1,'domingo','Primavera','2010-12-19'),(20101220,2010,2,4,6,12,'diciembre',3,2,'lunes','Primavera','2010-12-20'),(20101221,2010,2,4,6,12,'diciembre',3,3,'martes','Verano','2010-12-21'),(20101222,2010,2,4,6,12,'diciembre',4,4,'miercoles','Verano','2010-12-22'),(20101223,2010,2,4,6,12,'diciembre',4,5,'jueves','Verano','2010-12-23'),(20101224,2010,2,4,6,12,'diciembre',4,6,'viernes','Verano','2010-12-24'),(20101225,2010,2,4,6,12,'diciembre',4,7,'sabado','Verano','2010-12-25'),(20101226,2010,2,4,6,12,'diciembre',4,1,'domingo','Verano','2010-12-26'),(20101227,2010,2,4,6,12,'diciembre',4,2,'lunes','Verano','2010-12-27'),(20101228,2010,2,4,6,12,'diciembre',4,3,'martes','Verano','2010-12-28'),(20101229,2010,2,4,6,12,'diciembre',5,4,'miercoles','Verano','2010-12-29'),(20101230,2010,2,4,6,12,'diciembre',5,5,'jueves','Verano','2010-12-30'),(20101231,2010,2,4,6,12,'diciembre',5,6,'viernes','Verano','2010-12-31');
/*!40000 ALTER TABLE `Tiempos` ENABLE KEYS */;
UNLOCK TABLES;

--
-- Table structure for table `Productos`
--

DROP TABLE IF EXISTS `Productos`;
/*!40101 SET @saved_cs_client     = @@character_set_client */;
/*!40101 SET character_set_client = utf8 */;
CREATE TABLE `Productos` (
  `idProducto` int(10) unsigned NOT NULL,
  `producto` varchar(45) NOT NULL,
  `rubro` varchar(45) NOT NULL,
  `proveedor` varchar(45) NOT NULL,
  PRIMARY KEY (`idProducto`)
) ENGINE=InnoDB DEFAULT CHARSET=latin1;
/*!40101 SET character_set_client = @saved_cs_client */;

--
-- Dumping data for table `Productos`
--

LOCK TABLES `Productos` WRITE;
/*!40000 ALTER TABLE `Productos` DISABLE KEYS */;
INSERT INTO `Productos` VALUES (1,'Producto 1','Rubro 1','Proveedor 44'),(2,'Producto 2','Rubro 7','Proveedor 41'),(3,'Producto 3','Rubro 10','Proveedor 33'),(4,'Producto 4','Rubro 5','Proveedor 3'),(5,'Producto 5','Rubro 8','Proveedor 23'),(6,'Producto 6','Rubro 1','Proveedor 47'),(7,'Producto 7','Rubro 3','Proveedor 36'),(8,'Producto 8','Rubro 8','Proveedor 42'),(9,'Producto 9','Rubro 1','Proveedor 8'),(10,'Producto 10','Rubro 9','Proveedor 1'),(11,'Producto 11','Rubro 7','Proveedor 3'),(12,'Producto 12','Rubro 6','Proveedor 36'),(13,'Producto 13','Rubro 3','Proveedor 28'),(14,'Producto 14','Rubro 2','Proveedor 41'),(15,'Producto 15','Rubro 10','Proveedor 4'),(16,'Producto 16','Rubro 9','Proveedor 45'),(17,'Producto 17','Rubro 5','Proveedor 17'),(18,'Producto 18','Rubro 1','Proveedor 43'),(19,'Producto 19','Rubro 8','Proveedor 11'),(20,'Producto 20','Rubro 5','Proveedor 15'),(21,'Producto 21','Rubro 9','Proveedor 36'),(22,'Producto 22','Rubro 3','Proveedor 4'),(23,'Producto 23','Rubro 9','Proveedor 2'),(24,'Producto 24','Rubro 6','Proveedor 34'),(25,'Producto 25','Rubro 2','Proveedor 34'),(26,'Producto 26','Rubro 5','Proveedor 47'),(27,'Producto 27','Rubro 6','Proveedor 44'),(28,'Producto 28','Rubro 7','Proveedor 42'),(29,'Producto 29','Rubro 6','Proveedor 11'),(30,'Producto 30','Rubro 8','Proveedor 39'),(31,'Producto 31','Rubro 9','Proveedor 34'),(32,'Producto 32','Rubro 3','Proveedor 23'),(33,'Producto 33','Rubro 10','Proveedor 32'),(34,'Producto 34','Rubro 2','Proveedor 34'),(35,'Producto 35','Rubro 6','Proveedor 32'),(36,'Producto 36','Rubro 1','Proveedor 32'),(37,'Producto 37','Rubro 9','Proveedor 11'),(38,'Producto 38','Rubro 1','Proveedor 9'),(39,'Producto 39','Rubro 9','Proveedor 27'),(40,'Producto 40','Rubro 8','Proveedor 41'),(41,'Producto 41','Rubro 3','Proveedor 20'),(42,'Producto 42','Rubro 2','Proveedor 16'),(43,'Producto 43','Rubro 6','Proveedor 9'),(44,'Producto 44','Rubro 10','Proveedor 23'),(45,'Producto 45','Rubro 9','Proveedor 48'),(46,'Producto 46','Rubro 2','Proveedor 41'),(47,'Producto 47','Rubro 2','Proveedor 43'),(48,'Producto 48','Rubro 8','Proveedor 14'),(49,'Producto 49','Rubro 5','Proveedor 21'),(50,'Producto 50','Rubro 8','Proveedor 41'),(51,'Producto 51','Rubro 1','Proveedor 22'),(52,'Producto 52','Rubro 6','Proveedor 8'),(53,'Producto 53','Rubro 8','Proveedor 18'),(54,'Producto 54','Rubro 6','Proveedor 21'),(55,'Producto 55','Rubro 7','Proveedor 4'),(56,'Producto 56','Rubro 4','Proveedor 6'),(57,'Producto 57','Rubro 6','Proveedor 43'),(58,'Producto 58','Rubro 7','Proveedor 48'),(59,'Producto 59','Rubro 1','Proveedor 1'),(60,'Producto 60','Rubro 7','Proveedor 24'),(61,'Producto 61','Rubro 4','Proveedor 15'),(62,'Producto 62','Rubro 5','Proveedor 19'),(63,'Producto 63','Rubro 8','Proveedor 8'),(64,'Producto 64','Rubro 6','Proveedor 40'),(65,'Producto 65','Rubro 7','Proveedor 38'),(66,'Producto 66','Rubro 8','Proveedor 48'),(67,'Producto 67','Rubro 1','Proveedor 13'),(68,'Producto 68','Rubro 9','Proveedor 39'),(69,'Producto 69','Rubro 8','Proveedor 14'),(70,'Producto 70','Rubro 8','Proveedor 33'),(71,'Producto 71','Rubro 1','Proveedor 8'),(72,'Producto 72','Rubro 5','Proveedor 20'),(73,'Producto 73','Rubro 3','Proveedor 47'),(74,'Producto 74','Rubro 10','Proveedor 48'),(75,'Producto 75','Rubro 10','Proveedor 5'),(76,'Producto 76','Rubro 1','Proveedor 5'),(77,'Producto 77','Rubro 3','Proveedor 5'),(78,'Producto 78','Rubro 6','Proveedor 27'),(79,'Producto 79','Rubro 6','Proveedor 10'),(80,'Producto 80','Rubro 10','Proveedor 6'),(81,'Producto 81','Rubro 10','Proveedor 34'),(82,'Producto 82','Rubro 7','Proveedor 43'),(83,'Producto 83','Rubro 5','Proveedor 5'),(84,'Producto 84','Rubro 3','Proveedor 41'),(85,'Producto 85','Rubro 5','Proveedor 43'),(86,'Producto 86','Rubro 5','Proveedor 24'),(87,'Producto 87','Rubro 2','Proveedor 31'),(88,'Producto 88','Rubro 8','Proveedor 24'),(89,'Producto 89','Rubro 4','Proveedor 50'),(90,'Producto 90','Rubro 1','Proveedor 34'),(91,'Producto 91','Rubro 5','Proveedor 36'),(92,'Producto 92','Rubro 10','Proveedor 29'),(93,'Producto 93','Rubro 2','Proveedor 21'),(94,'Producto 94','Rubro 4','Proveedor 47'),(95,'Producto 95','Rubro 5','Proveedor 6'),(96,'Producto 96','Rubro 3','Proveedor 49'),(97,'Producto 97','Rubro 4','Proveedor 23'),(98,'Producto 98','Rubro 1','Proveedor 42'),(99,'Producto 99','Rubro 2','Proveedor 16'),(100,'Producto 100','Rubro 8','Proveedor 24'),(101,'Producto 101','Rubro 9','Proveedor 47'),(102,'Producto 102','Rubro 7','Proveedor 8'),(103,'Producto 103','Rubro 5','Proveedor 5'),(104,'Producto 104','Rubro 10','Proveedor 18'),(105,'Producto 105','Rubro 7','Proveedor 35'),(106,'Producto 106','Rubro 8','Proveedor 50'),(107,'Producto 107','Rubro 7','Proveedor 47'),(108,'Producto 108','Rubro 3','Proveedor 30'),(109,'Producto 109','Rubro 3','Proveedor 23'),(110,'Producto 110','Rubro 4','Proveedor 5'),(111,'Producto 111','Rubro 8','Proveedor 23'),(112,'Producto 112','Rubro 8','Proveedor 26'),(113,'Producto 113','Rubro 9','Proveedor 7'),(114,'Producto 114','Rubro 10','Proveedor 8'),(115,'Producto 115','Rubro 7','Proveedor 21'),(116,'Producto 116','Rubro 9','Proveedor 19'),(117,'Producto 117','Rubro 9','Proveedor 14'),(118,'Producto 118','Rubro 9','Proveedor 48'),(119,'Producto 119','Rubro 10','Proveedor 37'),(120,'Producto 120','Rubro 4','Proveedor 1'),(121,'Producto 121','Rubro 1','Proveedor 34'),(122,'Producto 122','Rubro 2','Proveedor 17'),(123,'Producto 123','Rubro 7','Proveedor 25'),(124,'Producto 124','Rubro 9','Proveedor 23'),(125,'Producto 125','Rubro 1','Proveedor 42'),(126,'Producto 126','Rubro 1','Proveedor 4'),(127,'Producto 127','Rubro 8','Proveedor 9'),(128,'Producto 128','Rubro 6','Proveedor 21'),(129,'Producto 129','Rubro 4','Proveedor 48'),(130,'Producto 130','Rubro 6','Proveedor 50'),(131,'Producto 131','Rubro 10','Proveedor 16'),(132,'Producto 132','Rubro 8','Proveedor 42'),(133,'Producto 133','Rubro 10','Proveedor 22'),(134,'Producto 134','Rubro 7','Proveedor 13'),(135,'Producto 135','Rubro 1','Proveedor 1'),(136,'Producto 136','Rubro 4','Proveedor 8'),(137,'Producto 137','Rubro 4','Proveedor 50'),(138,'Producto 138','Rubro 7','Proveedor 46'),(139,'Producto 139','Rubro 9','Proveedor 43'),(140,'Producto 140','Rubro 10','Proveedor 39'),(141,'Producto 141','Rubro 7','Proveedor 34'),(142,'Producto 142','Rubro 7','Proveedor 28'),(143,'Producto 143','Rubro 3','Proveedor 21'),(144,'Producto 144','Rubro 10','Proveedor 33'),(145,'Producto 145','Rubro 6','Proveedor 47'),(146,'Producto 146','Rubro 6','Proveedor 20'),(147,'Producto 147','Rubro 7','Proveedor 35'),(148,'Producto 148','Rubro 8','Proveedor 19'),(149,'Producto 149','Rubro 8','Proveedor 31'),(150,'Producto 150','Rubro 9','Proveedor 11'),(151,'Producto 151','Rubro 9','Proveedor 32'),(152,'Producto 152','Rubro 9','Proveedor 29'),(153,'Producto 153','Rubro 5','Proveedor 18'),(154,'Producto 154','Rubro 5','Proveedor 40'),(155,'Producto 155','Rubro 1','Proveedor 3'),(156,'Producto 156','Rubro 9','Proveedor 6'),(157,'Producto 157','Rubro 10','Proveedor 13'),(158,'Producto 158','Rubro 7','Proveedor 13'),(159,'Producto 159','Rubro 6','Proveedor 9'),(160,'Producto 160','Rubro 5','Proveedor 44'),(161,'Producto 161','Rubro 9','Proveedor 15'),(162,'Producto 162','Rubro 4','Proveedor 39'),(163,'Producto 163','Rubro 6','Proveedor 38'),(164,'Producto 164','Rubro 7','Proveedor 38'),(165,'Producto 165','Rubro 9','Proveedor 23'),(166,'Producto 166','Rubro 5','Proveedor 5'),(167,'Producto 167','Rubro 10','Proveedor 21'),(168,'Producto 168','Rubro 9','Proveedor 34'),(169,'Producto 169','Rubro 8','Proveedor 3'),(170,'Producto 170','Rubro 5','Proveedor 4'),(171,'Producto 171','Rubro 10','Proveedor 41'),(172,'Producto 172','Rubro 2','Proveedor 2'),(173,'Producto 173','Rubro 6','Proveedor 27'),(174,'Producto 174','Rubro 6','Proveedor 40'),(175,'Producto 175','Rubro 7','Proveedor 32'),(176,'Producto 176','Rubro 10','Proveedor 18'),(177,'Producto 177','Rubro 6','Proveedor 13'),(178,'Producto 178','Rubro 9','Proveedor 13'),(179,'Producto 179','Rubro 1','Proveedor 44'),(180,'Producto 180','Rubro 8','Proveedor 25'),(181,'Producto 181','Rubro 1','Proveedor 26'),(182,'Producto 182','Rubro 8','Proveedor 8'),(183,'Producto 183','Rubro 4','Proveedor 25'),(184,'Producto 184','Rubro 9','Proveedor 17'),(185,'Producto 185','Rubro 3','Proveedor 44'),(186,'Producto 186','Rubro 3','Proveedor 49'),(187,'Producto 187','Rubro 2','Proveedor 13'),(188,'Producto 188','Rubro 8','Proveedor 6'),(189,'Producto 189','Rubro 5','Proveedor 2'),(190,'Producto 190','Rubro 5','Proveedor 39'),(191,'Producto 191','Rubro 2','Proveedor 31'),(192,'Producto 192','Rubro 6','Proveedor 16'),(193,'Producto 193','Rubro 3','Proveedor 19'),(194,'Producto 194','Rubro 3','Proveedor 37'),(195,'Producto 195','Rubro 6','Proveedor 43'),(196,'Producto 196','Rubro 7','Proveedor 38'),(197,'Producto 197','Rubro 5','Proveedor 2'),(198,'Producto 198','Rubro 6','Proveedor 19'),(199,'Producto 199','Rubro 5','Proveedor 21'),(200,'Producto 200','Rubro 6','Proveedor 5'),(201,'Producto 201','Rubro 6','Proveedor 29'),(202,'Producto 202','Rubro 5','Proveedor 6'),(203,'Producto 203','Rubro 2','Proveedor 45'),(204,'Producto 204','Rubro 2','Proveedor 18'),(205,'Producto 205','Rubro 7','Proveedor 30'),(206,'Producto 206','Rubro 3','Proveedor 27'),(207,'Producto 207','Rubro 2','Proveedor 34'),(208,'Producto 208','Rubro 1','Proveedor 9'),(209,'Producto 209','Rubro 1','Proveedor 26'),(210,'Producto 210','Rubro 2','Proveedor 42'),(211,'Producto 211','Rubro 7','Proveedor 6'),(212,'Producto 212','Rubro 1','Proveedor 32'),(213,'Producto 213','Rubro 2','Proveedor 10'),(214,'Producto 214','Rubro 7','Proveedor 21'),(215,'Producto 215','Rubro 4','Proveedor 23'),(216,'Producto 216','Rubro 7','Proveedor 39'),(217,'Producto 217','Rubro 10','Proveedor 14'),(218,'Producto 218','Rubro 1','Proveedor 25'),(219,'Producto 219','Rubro 4','Proveedor 19'),(220,'Producto 220','Rubro 6','Proveedor 31'),(221,'Producto 221','Rubro 8','Proveedor 37'),(222,'Producto 222','Rubro 9','Proveedor 46'),(223,'Producto 223','Rubro 4','Proveedor 7'),(224,'Producto 224','Rubro 4','Proveedor 48'),(225,'Producto 225','Rubro 4','Proveedor 14'),(226,'Producto 226','Rubro 8','Proveedor 18'),(227,'Producto 227','Rubro 5','Proveedor 15'),(228,'Producto 228','Rubro 7','Proveedor 6'),(229,'Producto 229','Rubro 3','Proveedor 35'),(230,'Producto 230','Rubro 9','Proveedor 34'),(231,'Producto 231','Rubro 5','Proveedor 47'),(232,'Producto 232','Rubro 4','Proveedor 4'),(233,'Producto 233','Rubro 8','Proveedor 32'),(234,'Producto 234','Rubro 6','Proveedor 43'),(235,'Producto 235','Rubro 8','Proveedor 24'),(236,'Producto 236','Rubro 10','Proveedor 20'),(237,'Producto 237','Rubro 7','Proveedor 33'),(238,'Producto 238','Rubro 1','Proveedor 37'),(239,'Producto 239','Rubro 9','Proveedor 47'),(240,'Producto 240','Rubro 6','Proveedor 30'),(241,'Producto 241','Rubro 1','Proveedor 44'),(242,'Producto 242','Rubro 6','Proveedor 37'),(243,'Producto 243','Rubro 5','Proveedor 43'),(244,'Producto 244','Rubro 7','Proveedor 6'),(245,'Producto 245','Rubro 2','Proveedor 40'),(246,'Producto 246','Rubro 8','Proveedor 31'),(247,'Producto 247','Rubro 9','Proveedor 39'),(248,'Producto 248','Rubro 1','Proveedor 1'),(249,'Producto 249','Rubro 7','Proveedor 37'),(250,'Producto 250','Rubro 8','Proveedor 33'),(251,'Producto 251','Rubro 9','Proveedor 34'),(252,'Producto 252','Rubro 6','Proveedor 33'),(253,'Producto 253','Rubro 6','Proveedor 47'),(254,'Producto 254','Rubro 6','Proveedor 20'),(255,'Producto 255','Rubro 5','Proveedor 18'),(256,'Producto 256','Rubro 8','Proveedor 30'),(257,'Producto 257','Rubro 1','Proveedor 42'),(258,'Producto 258','Rubro 9','Proveedor 2'),(259,'Producto 259','Rubro 3','Proveedor 15'),(260,'Producto 260','Rubro 10','Proveedor 16'),(261,'Producto 261','Rubro 3','Proveedor 38'),(262,'Producto 262','Rubro 6','Proveedor 46'),(263,'Producto 263','Rubro 7','Proveedor 1'),(264,'Producto 264','Rubro 7','Proveedor 5'),(265,'Producto 265','Rubro 7','Proveedor 41'),(266,'Producto 266','Rubro 6','Proveedor 18'),(267,'Producto 267','Rubro 9','Proveedor 5'),(268,'Producto 268','Rubro 10','Proveedor 48'),(269,'Producto 269','Rubro 10','Proveedor 42'),(270,'Producto 270','Rubro 3','Proveedor 6'),(271,'Producto 271','Rubro 4','Proveedor 27'),(272,'Producto 272','Rubro 4','Proveedor 23'),(273,'Producto 273','Rubro 5','Proveedor 43'),(274,'Producto 274','Rubro 1','Proveedor 49'),(275,'Producto 275','Rubro 10','Proveedor 1'),(276,'Producto 276','Rubro 4','Proveedor 8'),(277,'Producto 277','Rubro 1','Proveedor 36'),(278,'Producto 278','Rubro 6','Proveedor 8'),(279,'Producto 279','Rubro 6','Proveedor 24'),(280,'Producto 280','Rubro 1','Proveedor 18'),(281,'Producto 281','Rubro 9','Proveedor 41'),(282,'Producto 282','Rubro 7','Proveedor 26'),(283,'Producto 283','Rubro 9','Proveedor 7'),(284,'Producto 284','Rubro 8','Proveedor 37'),(285,'Producto 285','Rubro 4','Proveedor 14'),(286,'Producto 286','Rubro 10','Proveedor 9'),(287,'Producto 287','Rubro 10','Proveedor 46'),(288,'Producto 288','Rubro 7','Proveedor 16'),(289,'Producto 289','Rubro 3','Proveedor 26'),(290,'Producto 290','Rubro 6','Proveedor 16'),(291,'Producto 291','Rubro 4','Proveedor 1'),(292,'Producto 292','Rubro 5','Proveedor 27'),(293,'Producto 293','Rubro 4','Proveedor 47'),(294,'Producto 294','Rubro 3','Proveedor 10'),(295,'Producto 295','Rubro 3','Proveedor 26'),(296,'Producto 296','Rubro 2','Proveedor 11'),(297,'Producto 297','Rubro 6','Proveedor 30'),(298,'Producto 298','Rubro 2','Proveedor 6'),(299,'Producto 299','Rubro 6','Proveedor 13'),(300,'Producto 300','Rubro 4','Proveedor 36'),(301,'Producto 301','Rubro 7','Proveedor 30'),(302,'Producto 302','Rubro 6','Proveedor 1'),(303,'Producto 303','Rubro 7','Proveedor 24'),(304,'Producto 304','Rubro 10','Proveedor 35'),(305,'Producto 305','Rubro 10','Proveedor 16'),(306,'Producto 306','Rubro 2','Proveedor 24'),(307,'Producto 307','Rubro 1','Proveedor 19'),(308,'Producto 308','Rubro 8','Proveedor 34'),(309,'Producto 309','Rubro 7','Proveedor 24'),(310,'Producto 310','Rubro 10','Proveedor 4'),(311,'Producto 311','Rubro 9','Proveedor 47'),(312,'Producto 312','Rubro 4','Proveedor 4'),(313,'Producto 313','Rubro 7','Proveedor 5'),(314,'Producto 314','Rubro 1','Proveedor 23'),(315,'Producto 315','Rubro 2','Proveedor 27'),(316,'Producto 316','Rubro 9','Proveedor 33'),(317,'Producto 317','Rubro 5','Proveedor 37'),(318,'Producto 318','Rubro 10','Proveedor 14'),(319,'Producto 319','Rubro 6','Proveedor 41'),(320,'Producto 320','Rubro 9','Proveedor 11'),(321,'Producto 321','Rubro 3','Proveedor 22'),(322,'Producto 322','Rubro 10','Proveedor 19'),(323,'Producto 323','Rubro 2','Proveedor 8'),(324,'Producto 324','Rubro 9','Proveedor 35'),(325,'Producto 325','Rubro 1','Proveedor 12'),(326,'Producto 326','Rubro 8','Proveedor 36'),(327,'Producto 327','Rubro 8','Proveedor 45'),(328,'Producto 328','Rubro 7','Proveedor 45'),(329,'Producto 329','Rubro 4','Proveedor 1'),(330,'Producto 330','Rubro 10','Proveedor 35'),(331,'Producto 331','Rubro 3','Proveedor 27'),(332,'Producto 332','Rubro 3','Proveedor 7'),(333,'Producto 333','Rubro 9','Proveedor 17'),(334,'Producto 334','Rubro 2','Proveedor 26'),(335,'Producto 335','Rubro 4','Proveedor 5'),(336,'Producto 336','Rubro 5','Proveedor 20'),(337,'Producto 337','Rubro 3','Proveedor 36'),(338,'Producto 338','Rubro 10','Proveedor 31'),(339,'Producto 339','Rubro 6','Proveedor 21'),(340,'Producto 340','Rubro 6','Proveedor 16'),(341,'Producto 341','Rubro 6','Proveedor 29'),(342,'Producto 342','Rubro 6','Proveedor 5'),(343,'Producto 343','Rubro 9','Proveedor 50'),(344,'Producto 344','Rubro 1','Proveedor 19'),(345,'Producto 345','Rubro 8','Proveedor 38'),(346,'Producto 346','Rubro 4','Proveedor 37'),(347,'Producto 347','Rubro 9','Proveedor 35'),(348,'Producto 348','Rubro 10','Proveedor 31'),(349,'Producto 349','Rubro 5','Proveedor 10'),(350,'Producto 350','Rubro 2','Proveedor 4'),(351,'Producto 351','Rubro 5','Proveedor 45'),(352,'Producto 352','Rubro 10','Proveedor 29'),(353,'Producto 353','Rubro 6','Proveedor 34'),(354,'Producto 354','Rubro 6','Proveedor 40'),(355,'Producto 355','Rubro 2','Proveedor 34'),(356,'Producto 356','Rubro 10','Proveedor 21'),(357,'Producto 357','Rubro 6','Proveedor 3'),(358,'Producto 358','Rubro 4','Proveedor 8'),(359,'Producto 359','Rubro 5','Proveedor 19'),(360,'Producto 360','Rubro 6','Proveedor 11'),(361,'Producto 361','Rubro 7','Proveedor 26'),(362,'Producto 362','Rubro 9','Proveedor 28'),(363,'Producto 363','Rubro 7','Proveedor 5'),(364,'Producto 364','Rubro 1','Proveedor 33'),(365,'Producto 365','Rubro 3','Proveedor 42'),(366,'Producto 366','Rubro 10','Proveedor 33'),(367,'Producto 367','Rubro 9','Proveedor 37'),(368,'Producto 368','Rubro 1','Proveedor 43'),(369,'Producto 369','Rubro 9','Proveedor 23'),(370,'Producto 370','Rubro 8','Proveedor 7'),(371,'Producto 371','Rubro 9','Proveedor 11'),(372,'Producto 372','Rubro 6','Proveedor 30'),(373,'Producto 373','Rubro 3','Proveedor 43'),(374,'Producto 374','Rubro 4','Proveedor 9'),(375,'Producto 375','Rubro 3','Proveedor 5'),(376,'Producto 376','Rubro 6','Proveedor 41'),(377,'Producto 377','Rubro 5','Proveedor 39'),(378,'Producto 378','Rubro 2','Proveedor 21'),(379,'Producto 379','Rubro 1','Proveedor 48'),(380,'Producto 380','Rubro 5','Proveedor 20'),(381,'Producto 381','Rubro 7','Proveedor 10'),(382,'Producto 382','Rubro 6','Proveedor 39'),(383,'Producto 383','Rubro 7','Proveedor 37'),(384,'Producto 384','Rubro 6','Proveedor 8'),(385,'Producto 385','Rubro 1','Proveedor 45'),(386,'Producto 386','Rubro 5','Proveedor 24'),(387,'Producto 387','Rubro 4','Proveedor 2'),(388,'Producto 388','Rubro 10','Proveedor 27'),(389,'Producto 389','Rubro 7','Proveedor 23'),(390,'Producto 390','Rubro 7','Proveedor 4'),(391,'Producto 391','Rubro 2','Proveedor 16'),(392,'Producto 392','Rubro 5','Proveedor 13'),(393,'Producto 393','Rubro 7','Proveedor 4'),(394,'Producto 394','Rubro 8','Proveedor 1'),(395,'Producto 395','Rubro 4','Proveedor 13'),(396,'Producto 396','Rubro 8','Proveedor 6'),(397,'Producto 397','Rubro 6','Proveedor 21'),(398,'Producto 398','Rubro 6','Proveedor 8'),(399,'Producto 399','Rubro 3','Proveedor 37'),(400,'Producto 400','Rubro 4','Proveedor 10'),(401,'Producto 401','Rubro 5','Proveedor 32'),(402,'Producto 402','Rubro 5','Proveedor 11'),(403,'Producto 403','Rubro 8','Proveedor 32'),(404,'Producto 404','Rubro 3','Proveedor 26'),(405,'Producto 405','Rubro 5','Proveedor 42'),(406,'Producto 406','Rubro 8','Proveedor 50'),(407,'Producto 407','Rubro 5','Proveedor 45'),(408,'Producto 408','Rubro 9','Proveedor 33'),(409,'Producto 409','Rubro 2','Proveedor 2'),(410,'Producto 410','Rubro 1','Proveedor 33'),(411,'Producto 411','Rubro 4','Proveedor 5'),(412,'Producto 412','Rubro 5','Proveedor 3'),(413,'Producto 413','Rubro 10','Proveedor 50'),(414,'Producto 414','Rubro 6','Proveedor 1'),(415,'Producto 415','Rubro 10','Proveedor 35'),(416,'Producto 416','Rubro 6','Proveedor 42'),(417,'Producto 417','Rubro 9','Proveedor 8'),(418,'Producto 418','Rubro 8','Proveedor 48'),(419,'Producto 419','Rubro 1','Proveedor 21'),(420,'Producto 420','Rubro 7','Proveedor 33'),(421,'Producto 421','Rubro 3','Proveedor 46'),(422,'Producto 422','Rubro 5','Proveedor 40'),(423,'Producto 423','Rubro 7','Proveedor 42'),(424,'Producto 424','Rubro 9','Proveedor 38'),(425,'Producto 425','Rubro 9','Proveedor 33'),(426,'Producto 426','Rubro 8','Proveedor 29'),(427,'Producto 427','Rubro 3','Proveedor 19'),(428,'Producto 428','Rubro 8','Proveedor 24'),(429,'Producto 429','Rubro 7','Proveedor 44'),(430,'Producto 430','Rubro 1','Proveedor 7'),(431,'Producto 431','Rubro 10','Proveedor 26'),(432,'Producto 432','Rubro 7','Proveedor 3'),(433,'Producto 433','Rubro 10','Proveedor 1'),(434,'Producto 434','Rubro 4','Proveedor 43'),(435,'Producto 435','Rubro 1','Proveedor 43'),(436,'Producto 436','Rubro 2','Proveedor 14'),(437,'Producto 437','Rubro 6','Proveedor 29'),(438,'Producto 438','Rubro 5','Proveedor 49'),(439,'Producto 439','Rubro 9','Proveedor 48'),(440,'Producto 440','Rubro 7','Proveedor 42'),(441,'Producto 441','Rubro 6','Proveedor 46'),(442,'Producto 442','Rubro 3','Proveedor 50'),(443,'Producto 443','Rubro 5','Proveedor 8'),(444,'Producto 444','Rubro 3','Proveedor 37'),(445,'Producto 445','Rubro 2','Proveedor 43'),(446,'Producto 446','Rubro 10','Proveedor 47'),(447,'Producto 447','Rubro 9','Proveedor 8'),(448,'Producto 448','Rubro 7','Proveedor 23'),(449,'Producto 449','Rubro 1','Proveedor 48'),(450,'Producto 450','Rubro 6','Proveedor 42'),(451,'Producto 451','Rubro 4','Proveedor 19'),(452,'Producto 452','Rubro 7','Proveedor 3'),(453,'Producto 453','Rubro 6','Proveedor 2'),(454,'Producto 454','Rubro 7','Proveedor 18'),(455,'Producto 455','Rubro 2','Proveedor 32'),(456,'Producto 456','Rubro 2','Proveedor 2'),(457,'Producto 457','Rubro 6','Proveedor 38'),(458,'Producto 458','Rubro 9','Proveedor 26'),(459,'Producto 459','Rubro 8','Proveedor 7'),(460,'Producto 460','Rubro 10','Proveedor 39'),(461,'Producto 461','Rubro 1','Proveedor 4'),(462,'Producto 462','Rubro 10','Proveedor 13'),(463,'Producto 463','Rubro 9','Proveedor 5'),(464,'Producto 464','Rubro 6','Proveedor 23'),(465,'Producto 465','Rubro 5','Proveedor 9'),(466,'Producto 466','Rubro 7','Proveedor 24'),(467,'Producto 467','Rubro 9','Proveedor 2'),(468,'Producto 468','Rubro 8','Proveedor 14'),(469,'Producto 469','Rubro 6','Proveedor 28'),(470,'Producto 470','Rubro 3','Proveedor 17'),(471,'Producto 471','Rubro 10','Proveedor 35'),(472,'Producto 472','Rubro 4','Proveedor 44'),(473,'Producto 473','Rubro 1','Proveedor 3'),(474,'Producto 474','Rubro 4','Proveedor 8'),(475,'Producto 475','Rubro 4','Proveedor 47'),(476,'Producto 476','Rubro 4','Proveedor 31'),(477,'Producto 477','Rubro 2','Proveedor 33'),(478,'Producto 478','Rubro 10','Proveedor 14'),(479,'Producto 479','Rubro 7','Proveedor 7'),(480,'Producto 480','Rubro 7','Proveedor 44'),(481,'Producto 481','Rubro 5','Proveedor 28'),(482,'Producto 482','Rubro 5','Proveedor 29'),(483,'Producto 483','Rubro 6','Proveedor 34'),(484,'Producto 484','Rubro 9','Proveedor 40'),(485,'Producto 485','Rubro 8','Proveedor 36'),(486,'Producto 486','Rubro 9','Proveedor 40'),(487,'Producto 487','Rubro 4','Proveedor 11'),(488,'Producto 488','Rubro 9','Proveedor 8'),(489,'Producto 489','Rubro 3','Proveedor 17'),(490,'Producto 490','Rubro 3','Proveedor 34'),(491,'Producto 491','Rubro 10','Proveedor 37'),(492,'Producto 492','Rubro 8','Proveedor 12'),(493,'Producto 493','Rubro 9','Proveedor 27'),(494,'Producto 494','Rubro 2','Proveedor 1'),(495,'Producto 495','Rubro 8','Proveedor 35'),(496,'Producto 496','Rubro 8','Proveedor 10'),(497,'Producto 497','Rubro 7','Proveedor 50'),(498,'Producto 498','Rubro 5','Proveedor 38'),(499,'Producto 499','Rubro 1','Proveedor 13'),(500,'Producto 500','Rubro 7','Proveedor 17');
/*!40000 ALTER TABLE `Productos` ENABLE KEYS */;
UNLOCK TABLES;

--
-- Table structure for table `Vendedores`
--

DROP TABLE IF EXISTS `Vendedores`;
/*!40101 SET @saved_cs_client     = @@character_set_client */;
/*!40101 SET character_set_client = utf8 */;
CREATE TABLE `Vendedores` (
  `idVendedor` int(10) unsigned NOT NULL,
  `vendedor` varchar(45) NOT NULL,
  `comision` float NOT NULL,
  PRIMARY KEY (`idVendedor`)
) ENGINE=InnoDB DEFAULT CHARSET=latin1;
/*!40101 SET character_set_client = @saved_cs_client */;

--
-- Dumping data for table `Vendedores`
--

LOCK TABLES `Vendedores` WRITE;
/*!40000 ALTER TABLE `Vendedores` DISABLE KEYS */;
INSERT INTO `Vendedores` VALUES (1,'Vendedor 1',8.30549),(2,'Vendedor 2',13.7593),(3,'Vendedor 3',1.68609),(4,'Vendedor 4',1.11615),(5,'Vendedor 5',10.0464),(6,'Vendedor 6',2.38191),(7,'Vendedor 7',14.2595),(8,'Vendedor 8',0.336719),(9,'Vendedor 9',13.3296),(10,'Vendedor 10',9.14426),(11,'Vendedor 11',1.39194),(12,'Vendedor 12',9.26047),(13,'Vendedor 13',8.20052),(14,'Vendedor 14',11.0814),(15,'Vendedor 15',8.6397),(16,'Vendedor 16',0.568975),(17,'Vendedor 17',4.03156),(18,'Vendedor 18',9.53236),(19,'Vendedor 19',10.7717),(20,'Vendedor 20',0.976354),(21,'Vendedor 21',12.5809),(22,'Vendedor 22',3.38675),(23,'Vendedor 23',9.74736),(24,'Vendedor 24',9.68394),(25,'Vendedor 25',0.0962716),(26,'Vendedor 26',13.4896),(27,'Vendedor 27',13.3677),(28,'Vendedor 28',1.71011),(29,'Vendedor 29',11.6161),(30,'Vendedor 30',14.1183),(31,'Vendedor 31',12.4472),(32,'Vendedor 32',8.71658),(33,'Vendedor 33',3.25347),(34,'Vendedor 34',1.2905),(35,'Vendedor 35',5.34487),(36,'Vendedor 36',6.52949),(37,'Vendedor 37',6.34602),(38,'Vendedor 38',10.7202),(39,'Vendedor 39',12.652),(40,'Vendedor 40',1.84982),(41,'Vendedor 41',10.9269),(42,'Vendedor 42',10.5232),(43,'Vendedor 43',1.76505),(44,'Vendedor 44',5.66201),(45,'Vendedor 45',0.0084859),(46,'Vendedor 46',10.2691),(47,'Vendedor 47',0.966506),(48,'Vendedor 48',12.5832),(49,'Vendedor 49',5.6781),(50,'Vendedor 50',8.69636);
/*!40000 ALTER TABLE `Vendedores` ENABLE KEYS */;
UNLOCK TABLES;

--
-- Table structure for table `Clientes`
--

DROP TABLE IF EXISTS `Clientes`;
/*!40101 SET @saved_cs_client     = @@character_set_client */;
/*!40101 SET character_set_client = utf8 */;
CREATE TABLE `Clientes` (
  `idCliente` int(10) unsigned NOT NULL,
  `cliente` varchar(45) NOT NULL DEFAULT '',
  `zona` varchar(45) NOT NULL DEFAULT '',
  `cuentaHabilitada` int(10) unsigned NOT NULL DEFAULT '0',
  PRIMARY KEY (`idCliente`)
) ENGINE=InnoDB DEFAULT CHARSET=latin1;
/*!40101 SET character_set_client = @saved_cs_client */;

--
-- Dumping data for table `Clientes`
--

LOCK TABLES `Clientes` WRITE;
/*!40000 ALTER TABLE `Clientes` DISABLE KEYS */;
INSERT INTO `Clientes` VALUES (1,'Cliente 1','Zona 1',1),(2,'Cliente 2','Zona 6',1),(3,'Cliente 3','Zona 3',1),(4,'Cliente 4','Zona 3',1),(5,'Cliente 5','Zona 2',0),(6,'Cliente 6','Zona 6',1),(7,'Cliente 7','Zona 3',1),(8,'Cliente 8','Zona 3',1),(9,'Cliente 9','Zona 7',1),(10,'Cliente 10','Zona 4',1),(11,'Cliente 11','Zona 3',1),(12,'Cliente 12','Zona 2',1),(13,'Cliente 13','Zona 2',0),(14,'Cliente 14','Zona 1',1),(15,'Cliente 15','Zona 5',1),(16,'Cliente 16','Zona 2',1),(17,'Cliente 17','Zona 7',1),(18,'Cliente 18','Zona 9',1),(19,'Cliente 19','Zona 9',1),(20,'Cliente 20','Zona 7',1),(21,'Cliente 21','Zona 10',1),(22,'Cliente 22','Zona 3',1),(23,'Cliente 23','Zona 1',1),(24,'Cliente 24','Zona 3',1),(25,'Cliente 25','Zona 2',1),(26,'Cliente 26','Zona 10',1),(27,'Cliente 27','Zona 9',1),(28,'Cliente 28','Zona 4',1),(29,'Cliente 29','Zona 7',1),(30,'Cliente 30','Zona 1',1),(31,'Cliente 31','Zona 9',1),(32,'Cliente 32','Zona 8',1),(33,'Cliente 33','Zona 1',1),(34,'Cliente 34','Zona 9',1),(35,'Cliente 35','Zona 6',1),(36,'Cliente 36','Zona 9',1),(37,'Cliente 37','Zona 2',1),(38,'Cliente 38','Zona 8',1),(39,'Cliente 39','Zona 9',1),(40,'Cliente 40','Zona 10',1),(41,'Cliente 41','Zona 6',1),(42,'Cliente 42','Zona 2',1),(43,'Cliente 43','Zona 3',1),(44,'Cliente 44','Zona 10',1),(45,'Cliente 45','Zona 8',1),(46,'Cliente 46','Zona 1',1),(47,'Cliente 47','Zona 4',1),(48,'Cliente 48','Zona 10',1),(49,'Cliente 49','Zona 2',1),(50,'Cliente 50','Zona 9',1),(51,'Cliente 51','Zona 2',1),(52,'Cliente 52','Zona 9',1),(53,'Cliente 53','Zona 1',1),(54,'Cliente 54','Zona 6',1),(55,'Cliente 55','Zona 7',1),(56,'Cliente 56','Zona 4',1),(57,'Cliente 57','Zona 5',1),(58,'Cliente 58','Zona 9',1),(59,'Cliente 59','Zona 9',1),(60,'Cliente 60','Zona 5',1),(61,'Cliente 61','Zona 5',1),(62,'Cliente 62','Zona 5',1),(63,'Cliente 63','Zona 2',1),(64,'Cliente 64','Zona 1',1),(65,'Cliente 65','Zona 8',1),(66,'Cliente 66','Zona 7',1),(67,'Cliente 67','Zona 5',1),(68,'Cliente 68','Zona 1',1),(69,'Cliente 69','Zona 9',1),(70,'Cliente 70','Zona 4',1),(71,'Cliente 71','Zona 7',1),(72,'Cliente 72','Zona 6',1),(73,'Cliente 73','Zona 9',1),(74,'Cliente 74','Zona 10',0),(75,'Cliente 75','Zona 3',1),(76,'Cliente 76','Zona 4',1),(77,'Cliente 77','Zona 1',1),(78,'Cliente 78','Zona 4',1),(79,'Cliente 79','Zona 3',1),(80,'Cliente 80','Zona 9',0),(81,'Cliente 81','Zona 7',1),(82,'Cliente 82','Zona 1',1),(83,'Cliente 83','Zona 1',1),(84,'Cliente 84','Zona 1',1),(85,'Cliente 85','Zona 7',1),(86,'Cliente 86','Zona 1',1),(87,'Cliente 87','Zona 9',1),(88,'Cliente 88','Zona 9',1),(89,'Cliente 89','Zona 7',1),(90,'Cliente 90','Zona 6',1),(91,'Cliente 91','Zona 8',1),(92,'Cliente 92','Zona 9',1),(93,'Cliente 93','Zona 7',1),(94,'Cliente 94','Zona 5',1),(95,'Cliente 95','Zona 6',1),(96,'Cliente 96','Zona 4',1),(97,'Cliente 97','Zona 7',1),(98,'Cliente 98','Zona 10',1),(99,'Cliente 99','Zona 3',1),(100,'Cliente 100','Zona 3',1);
/*!40000 ALTER TABLE `Clientes` ENABLE KEYS */;
UNLOCK TABLES;

--
-- Table structure for table `Ventas`
--

DROP TABLE IF EXISTS `Ventas`;
/*!40101 SET @saved_cs_client     = @@character_set_client */;
/*!40101 SET character_set_client = utf8 */;
CREATE TABLE `Ventas` (
  `idTiempo` int(10) NOT NULL,
  `idCliente` int(10) unsigned NOT NULL,
  `idVendedor` int(10) unsigned NOT NULL,
  `idProducto` int(10) unsigned NOT NULL,
  `cantidad` float NOT NULL,
  `importe` float NOT NULL,
  PRIMARY KEY (`idTiempo`,`idCliente`,`idVendedor`,`idProducto`),
  KEY `fk_idCliente` (`idCliente`),
  KEY `fk_idProducto` (`idProducto`),
  KEY `fk_idVendedor` (`idVendedor`),
  KEY `fk_idTiempo` (`idTiempo`),
  CONSTRAINT `fk_idTiempo` FOREIGN KEY (`idTiempo`) REFERENCES `Tiempos` (`idTiempo`) ON DELETE NO ACTION ON UPDATE NO ACTION,
  CONSTRAINT `fk_idCliente` FOREIGN KEY (`idCliente`) REFERENCES `Clientes` (`idCliente`) ON DELETE NO ACTION ON UPDATE NO ACTION,
  CONSTRAINT `fk_idProducto` FOREIGN KEY (`idProducto`) REFERENCES `Productos` (`idProducto`) ON DELETE NO ACTION ON UPDATE NO ACTION,
  CONSTRAINT `fk_idVendedor` FOREIGN KEY (`idVendedor`) REFERENCES `Vendedores` (`idVendedor`) ON DELETE NO ACTION ON UPDATE NO ACTION
) ENGINE=InnoDB DEFAULT CHARSET=latin1;
/*!40101 SET character_set_client = @saved_cs_client */;

--
-- Dumping data for table `Ventas`
--

LOCK TABLES `Ventas` WRITE;
/*!40000 ALTER TABLE `Ventas` DISABLE KEYS */;
INSERT INTO `Ventas` VALUES (20081004,92,1,6,343,78791.8),(20081004,92,1,156,23,4272.88),(20081004,92,1,191,4,775.157),(20081004,92,1,268,377,58698.7),(20081004,92,1,270,297,79369.3),(20081004,92,1,309,169,2938.21),(20081004,92,1,436,218,102994),(20081006,54,16,20,358,164610),(20081006,54,16,29,175,21686.6),(20081006,54,16,38,376,137709),(20081006,54,16,119,291,8229.3),(20081006,54,16,150,76,29287.8),(20081006,54,16,382,108,21107.8),(20081006,54,16,478,248,44198),(20081008,84,8,96,361,107195),(20081008,84,8,208,179,48681.6),(20081008,84,8,215,353,161332),(20081008,84,8,341,320,74840.1),(20081008,84,8,349,122,51347.4),(20081008,84,8,353,349,89996.1),(20081008,84,8,461,145,47890.4),(20081011,82,5,167,257,79981.6),(20081011,82,5,168,180,73926.7),(20081011,82,5,456,214,33701.8),(20081012,56,22,70,194,90205.3),(20081012,56,22,216,2,229.928),(20081012,56,22,429,202,40514.5),(20081014,84,30,209,331,16406.6),(20081016,88,27,34,311,121124),(20081016,88,27,59,388,33211.2),(20081016,88,27,182,354,1574.29),(20081016,88,27,340,176,66278),(20081016,88,27,435,162,50300.8),(20081022,6,30,127,246,7709.4),(20081022,6,30,134,181,7117.74),(20081022,6,30,198,189,80680.4),(20081022,6,30,373,183,56052.3),(20081022,6,30,479,352,99080.5),(20081023,74,15,273,24,10035.5),(20081028,63,38,71,270,90374),(20081028,63,38,98,95,33447.5),(20081028,63,38,113,322,149634),(20081030,75,45,25,255,3934.64),(20081030,75,45,88,41,16169.5),(20081030,75,45,289,21,1699.57),(20081030,75,45,290,64,12525.6),(20081030,75,45,434,244,20768.5),(20081031,44,21,105,181,50794.4),(20081031,44,21,253,41,17676.8),(20081101,45,45,90,100,41466),(20081101,45,45,121,43,6829.9),(20081101,45,45,145,164,63220.3),(20081101,45,45,221,52,1131.21),(20081101,45,45,240,99,31531.9),(20081101,45,45,415,164,28527.1),(20081101,45,45,417,236,72602.9),(20081101,45,45,492,378,119584),(20081109,72,18,4,338,74610.7),(20081109,72,18,50,141,23309.9),(20081109,72,18,65,6,874.14),(20081109,72,18,92,51,18867.3),(20081109,72,18,185,252,83943.9),(20081109,72,18,211,179,47943.7),(20081109,72,18,266,95,30136.7),(20081109,72,18,305,341,96487.7),(20081109,72,18,338,397,157570),(20081110,79,5,298,70,17795.3),(20081110,79,5,311,260,126144),(20081110,79,5,339,353,31152.3),(20081110,79,5,370,363,179562),(20081110,79,5,417,32,9844.47),(20081110,79,5,425,186,44558.7),(20081114,54,2,88,152,59945.4),(20081114,54,2,189,47,3809.42),(20081114,54,2,206,221,93544.6),(20081114,54,2,286,199,73051.1),(20081114,54,2,430,70,18006.8),(20081114,54,2,485,285,67022.4),(20081118,74,15,222,229,108889),(20081120,49,4,16,299,478.723),(20081120,49,4,44,112,25161.6),(20081120,49,4,121,214,33990.6),(20081120,49,4,255,130,31071.2),(20081120,49,4,283,128,27212.9),(20081120,49,4,328,238,54918.1),(20081120,49,4,331,153,40942.2),(20081120,49,4,337,274,19729.3),(20081120,49,4,465,72,9732.32),(20081127,94,44,57,315,122217),(20081127,94,44,211,73,19552.5),(20081127,94,44,380,238,51264.4),(20081127,94,44,424,349,15719.5),(20081127,94,44,442,350,23778),(20081128,91,25,331,21,5619.52),(20081128,91,25,479,149,41940.3),(20081128,91,25,490,143,15124),(20081128,96,6,19,370,44752.2),(20081128,96,6,21,215,30683.9),(20081128,96,6,75,280,2266.03),(20081128,96,6,145,216,83265.8),(20081128,96,6,162,194,25219.5),(20081128,96,6,303,28,10932.2),(20081128,96,6,410,316,13488.1),(20081128,96,6,429,72,14440.8),(20081128,96,6,434,68,5787.93),(20081128,96,6,453,27,6979.93),(20081207,32,4,22,228,46400),(20081207,32,4,25,377,5817.1),(20081207,32,4,189,369,29908),(20081207,32,4,347,302,33441.9),(20081207,32,4,356,255,39155.9),(20081207,32,4,380,174,37479.1),(20081207,32,4,463,282,128204),(20081207,32,4,497,347,93939.1),(20081225,97,11,466,255,47393.9),(20081226,39,12,21,378,53946.6),(20081226,39,12,30,274,7209.61),(20081226,39,12,257,393,4943.11),(20081226,39,12,387,89,4653.56),(20081226,39,12,455,360,170208),(20081229,83,28,195,245,75910.6),(20081229,83,28,249,323,91025.6),(20081229,83,28,446,184,45050.8),(20081231,12,5,26,180,47152.7),(20081231,12,5,46,359,3017.97),(20081231,12,5,71,27,9037.4),(20081231,12,5,73,388,20106.2),(20081231,12,5,171,309,147866),(20081231,12,5,182,318,1414.19),(20081231,12,5,232,44,6245.98),(20081231,12,5,485,184,43270.6),(20081231,12,5,497,274,74176.7),(20081231,39,30,55,280,25791.7),(20081231,62,14,15,202,97121.9),(20081231,62,14,92,285,105435),(20081231,62,14,138,58,26040.2),(20081231,62,14,145,272,104853),(20081231,62,14,178,21,7728.09),(20081231,62,14,208,12,3263.57),(20081231,62,14,330,165,26500.4),(20081231,62,14,364,302,89709.6),(20081231,62,14,394,300,144510),(20081231,62,14,452,321,136636),(20090102,39,11,75,124,1003.53),(20090102,39,11,93,292,66694.2),(20090102,39,11,114,115,16938.9),(20090102,39,11,163,190,21248.6),(20090102,39,11,257,27,339.603),(20090102,39,11,381,116,16361.8),(20090102,39,11,463,259,117748),(20090102,67,6,31,287,22573.5),(20090102,67,6,108,23,6532.25),(20090102,67,6,119,22,622.146),(20090102,67,6,310,19,2047.27),(20090104,50,14,49,36,15260.9),(20090104,98,33,50,11,1818.5),(20090104,98,33,371,266,81822),(20090104,98,33,382,132,25798.4),(20090104,98,33,445,133,56583.4),(20090104,98,33,450,264,114045),(20090104,98,33,471,225,29059.9),(20090104,98,33,477,46,4413.36),(20090107,9,43,11,155,331.511),(20090107,9,43,25,383,5909.68),(20090107,9,43,222,315,149782),(20090107,9,43,299,71,13032.9),(20090107,9,43,429,373,74811.4),(20090107,15,19,17,66,8627.03),(20090107,15,19,69,6,1670.81),(20090107,15,19,71,363,121503),(20090107,15,19,171,68,32540.2),(20090107,15,19,197,329,47615.6),(20090107,15,19,271,328,67024),(20090107,15,19,347,9,996.613),(20090107,15,19,496,151,26007.6),(20090107,46,20,127,121,3792.02),(20090107,46,20,139,146,21169.2),(20090111,6,41,38,132,48344.7),(20090111,6,41,73,214,11089.5),(20090111,6,41,102,310,47893.4),(20090111,6,41,212,44,3729.79),(20090111,6,41,276,138,43618.5),(20090111,6,41,287,281,80570.1),(20090111,6,41,294,324,12642.4),(20090111,6,41,389,237,47393.8),(20090113,36,26,18,37,10214.5),(20090113,91,25,55,329,30305.3),(20090113,91,25,150,330,127171),(20090113,91,25,217,370,9378.08),(20090113,91,25,337,48,3456.22),(20090113,91,25,357,382,185921),(20090113,91,25,431,207,76147.5),(20090113,91,25,495,35,7109.74),(20090115,49,29,146,221,18953),(20090115,49,29,231,306,79656.4),(20090115,49,29,379,52,20584.3),(20090116,21,17,40,400,33737.4),(20090116,21,17,132,201,71213.5),(20090116,21,17,175,101,22928.8),(20090116,21,17,248,331,160375),(20090116,21,17,262,231,98181.6),(20090116,21,17,289,143,11573.2),(20090116,21,17,294,359,14008.1),(20090116,21,17,362,212,65812.4),(20090116,21,17,404,20,2916.59),(20090119,25,41,129,361,55615.2),(20090119,25,41,246,320,39394.1),(20090119,25,41,291,351,14897.1),(20090119,25,41,295,24,1380.63),(20090119,27,18,300,107,37344.1),(20090121,66,24,57,162,62854.2),(20090121,66,24,59,168,14380.1),(20090121,66,24,191,313,60656),(20090121,66,24,319,345,40462.1),(20090121,66,24,431,126,46350.7),(20090121,66,24,467,338,163806),(20090130,39,29,12,379,131116),(20090130,39,29,32,238,92195.1),(20090130,39,29,146,345,29587.3),(20090130,39,29,216,315,36213.6),(20090130,39,29,283,218,46346.9),(20090130,39,29,293,90,17441.1),(20090130,39,29,347,158,17496.1),(20090130,39,29,447,120,37542.1),(20090130,39,29,459,284,15847.4),(20090205,47,49,457,285,26176),(20090209,17,17,54,48,16806.6),(20090209,17,17,215,329,150363),(20090209,17,17,266,161,51073.7),(20090209,17,17,355,386,61375.5),(20090209,17,17,397,160,18115.3),(20090209,19,28,192,133,42832.3),(20090209,19,28,431,93,34211.2),(20090213,47,49,15,383,184147),(20090213,47,49,90,54,22391.7),(20090213,47,49,399,319,101544),(20090213,47,49,418,266,123029),(20090213,47,49,438,166,66169.6),(20090213,47,49,454,61,24767.6),(20090216,9,36,96,325,96504.8),(20090216,9,36,218,147,52833.8),(20090216,49,22,2,79,14534),(20090216,49,22,26,319,83565.1),(20090216,49,22,156,151,28052.4),(20090216,49,22,261,70,5405.64),(20090216,49,22,316,144,28643.3),(20090216,49,22,326,375,119232),(20090216,49,22,332,118,36161.3),(20090216,49,22,424,233,10494.7),(20090216,49,22,492,87,27523.4),(20090219,7,38,78,5,1014.69),(20090219,7,38,100,340,76380.6),(20090219,7,38,119,145,4100.51),(20090219,7,38,153,153,74675.5),(20090219,7,38,197,21,3039.29),(20090219,7,38,312,254,22416.6),(20090219,7,38,313,22,1253.47),(20090219,7,38,333,93,425.652),(20090219,7,38,364,272,80798),(20090219,7,38,480,40,4554.79),(20090221,6,23,3,235,105075),(20090221,6,23,58,212,52374.3),(20090221,6,23,60,113,29775.1),(20090221,6,23,172,371,32602.2),(20090221,6,23,222,248,117924),(20090221,6,23,241,84,16657.1),(20090221,6,23,287,106,30393),(20090221,6,23,317,285,98628.8),(20090221,6,23,390,232,12101.3),(20090221,6,23,425,173,41444.4),(20090223,81,5,19,10,1209.52),(20090223,81,5,112,129,41523.9),(20090223,81,5,120,219,38558.3),(20090223,81,5,311,397,192613),(20090223,81,5,472,97,42544.1),(20090223,81,5,475,328,130371),(20090223,82,28,182,53,235.699),(20090224,55,11,8,152,43519.2),(20090224,55,11,12,229,79223.3),(20090227,15,31,24,168,69028.7),(20090227,15,31,26,179,46890.8),(20090227,15,31,35,386,182222),(20090227,15,31,75,295,2387.42),(20090227,15,31,129,349,53766.5),(20090227,15,31,195,225,69713.8),(20090227,15,31,208,384,104434),(20090227,15,31,358,211,103312),(20090228,100,43,42,171,33286.1),(20090228,100,43,61,168,83893.9),(20090228,100,43,84,397,122672),(20090228,100,43,145,286,110250),(20090228,100,43,200,119,15462),(20090228,100,43,328,213,49149.4),(20090228,100,43,386,77,30668),(20090306,42,31,299,329,60391.7),(20090308,20,36,14,266,42341.9),(20090308,20,36,108,368,104516),(20090308,20,36,163,325,36346.2),(20090308,20,36,262,293,124533),(20090308,20,36,349,55,23148.4),(20090308,20,36,368,189,43521.3),(20090308,20,36,464,7,942.14),(20090308,20,36,491,211,93072.3),(20090308,20,36,497,379,102602),(20090312,88,28,25,364,5616.51),(20090312,88,28,31,74,5820.34),(20090312,88,28,67,194,88042.4),(20090312,88,28,79,138,32861.8),(20090312,88,28,100,296,66496.1),(20090312,88,28,162,163,21189.6),(20090312,88,28,284,306,100764),(20090312,88,28,368,196,45133.2),(20090312,88,28,414,170,2619.26),(20090314,31,1,29,268,33211.5),(20090314,31,1,134,40,1572.98),(20090314,31,1,158,82,26407.8),(20090314,31,1,242,219,20794.3),(20090314,31,1,336,208,731.857),(20090316,52,25,17,198,25881.1),(20090319,33,11,79,25,5953.23),(20090319,33,11,142,26,2635.9),(20090319,33,11,160,282,78285.6),(20090319,33,11,211,172,46068.8),(20090319,33,11,262,145,61629.1),(20090319,33,11,270,299,79903.7),(20090319,33,11,370,23,11377.2),(20090319,33,11,372,102,47135.3),(20090319,33,11,415,315,54793),(20090319,33,11,482,144,33977.4),(20090323,84,18,204,130,29775.1),(20090323,84,18,275,33,367.153),(20090330,2,50,7,251,103267),(20090330,2,50,84,293,90536.4),(20090330,2,50,114,333,49049.1),(20090330,2,50,115,284,10750.9),(20090330,2,50,151,157,34781.1),(20090330,2,50,155,317,21915.9),(20090330,2,50,279,217,95475.2),(20090330,2,50,319,55,6450.49),(20090330,2,50,334,302,129021),(20090330,18,9,39,245,47033.7),(20090330,18,9,116,46,867.878),(20090330,18,9,168,379,155657),(20090330,18,9,287,164,47023.1),(20090330,18,9,352,216,32934.8),(20090330,18,9,366,257,33957.5),(20090330,18,9,449,339,7598.67),(20090330,25,14,261,146,11274.6),(20090330,25,14,355,367,58354.4),(20090331,83,28,69,176,49010.5),(20090331,83,28,122,218,16245.8),(20090331,83,28,172,369,32426.4),(20090331,83,28,204,335,76728.2),(20090331,83,28,254,225,112254),(20090331,83,28,305,213,60269.4),(20090331,83,28,429,287,57562.7),(20090331,83,28,432,193,4721.57),(20090401,25,27,45,344,48443.3),(20090401,25,27,75,399,3229.09),(20090401,25,27,341,397,92848.5),(20090401,25,27,433,259,50512.2),(20090401,25,27,483,97,23849.8),(20090402,82,6,66,198,54727.4),(20090402,82,6,107,233,37789.7),(20090402,82,6,136,62,30258.7),(20090402,82,6,176,184,70414),(20090402,82,6,205,118,54809),(20090402,82,6,226,258,47347.4),(20090402,82,6,233,40,5471.86),(20090402,82,6,249,264,74398.6),(20090402,82,6,255,66,15774.6),(20090402,82,6,258,41,19201),(20090403,53,29,77,83,37420.5),(20090403,53,29,204,361,82683.2),(20090405,52,42,39,15,2879.61),(20090405,52,42,65,388,56527.7),(20090405,52,42,145,353,136078),(20090405,52,42,396,98,45256.4),(20090406,7,22,128,273,132588),(20090406,7,22,276,262,82811.9),(20090406,7,22,390,338,17630.4),(20090406,7,22,500,392,31405.4),(20090407,69,35,439,10,2236.39),(20090407,69,35,489,194,38184),(20090409,63,40,392,337,138476),(20090409,70,9,112,132,42489.6),(20090409,70,9,142,303,30718.4),(20090409,70,9,204,230,52679.1),(20090409,70,9,266,238,75500.3),(20090409,70,9,411,282,75486.4),(20090410,91,44,404,110,16041.3),(20090410,91,44,460,13,4545.41),(20090412,64,35,21,281,40103.1),(20090412,64,35,226,388,71204.6),(20090412,64,35,244,175,7442.63),(20090412,64,35,270,43,11491.2),(20090412,64,35,271,212,43320.4),(20090412,64,35,273,330,137988),(20090412,64,35,363,111,3893.93),(20090412,64,35,367,61,15735.3),(20090412,64,35,422,202,74716.1),(20090412,64,35,435,113,35086.4),(20090413,22,4,181,37,10767),(20090413,22,4,293,380,73640.1),(20090419,20,8,1,324,130664),(20090419,20,8,54,238,83332.9),(20090419,20,8,84,274,84665.4),(20090419,20,8,181,116,33755.9),(20090419,20,8,254,138,68849.4),(20090419,20,8,397,145,16417),(20090419,20,8,445,207,88065.9),(20090419,20,8,469,134,16909),(20090424,49,14,86,211,70032.6),(20090424,49,14,108,399,113320),(20090424,49,14,194,356,44129.7),(20090424,49,14,277,367,161546),(20090424,49,14,352,107,16314.9),(20090424,49,14,410,131,5591.59),(20090424,49,14,411,386,103325),(20090424,49,14,434,60,5107),(20090425,74,42,455,191,90305),(20090427,74,10,237,370,62045),(20090427,74,10,415,354,61576.9),(20090427,74,10,500,290,23233.6),(20090429,88,41,8,237,67855.6),(20090429,88,41,14,318,50619.3),(20090429,88,41,98,93,32743.4),(20090429,88,41,251,377,83545.1),(20090429,88,41,254,42,20954.2),(20090429,88,41,487,347,62311.5),(20090501,59,20,145,63,24285.9),(20090501,59,20,366,129,17044.8),(20090501,59,20,419,271,70007.6),(20090501,59,20,498,154,54555.6),(20090502,33,20,170,116,39031.9),(20090502,33,20,182,137,609.259),(20090502,33,20,213,384,90210.2),(20090503,97,43,179,193,95171),(20090503,97,43,282,297,60391.4),(20090503,97,43,289,29,2347.02),(20090503,97,43,469,354,44670.1),(20090505,70,43,216,281,32304.8),(20090505,70,43,308,380,75521.9),(20090505,70,43,359,183,54311.7),(20090505,70,43,405,3,330.362),(20090512,59,7,100,43,9659.9),(20090512,59,7,119,291,8229.3),(20090512,59,7,166,297,89642.5),(20090512,59,7,192,26,8373.23),(20090512,59,7,224,72,20798),(20090512,59,7,241,99,19631.6),(20090512,59,7,313,361,20568.3),(20090512,59,7,319,288,33777.1),(20090512,59,7,426,47,20920.5),(20090512,59,7,480,236,26873.3),(20090514,18,11,343,13,347.269),(20090514,18,11,345,74,1435.97),(20090514,18,11,374,137,60422.6),(20090514,18,11,411,374,100113),(20090514,18,11,464,53,7133.35),(20090522,61,33,53,34,2466.72),(20090522,61,33,58,49,12105.4),(20090522,61,33,158,268,86308.6),(20090522,61,33,169,304,98075.3),(20090522,61,33,215,202,92320.1),(20090522,61,33,240,198,63063.8),(20090522,61,33,321,40,7586.23),(20090522,61,33,369,313,16945),(20090522,61,33,408,61,12920.2),(20090522,61,33,457,153,14052.4),(20090531,11,48,194,161,19957.5),(20090604,32,18,264,21,317.135),(20090605,89,14,142,272,27575.6),(20090605,89,14,190,231,55119.9),(20090605,89,14,196,247,83796.3),(20090605,89,14,203,234,89052.7),(20090605,89,14,287,25,7168.16),(20090605,89,14,319,35,4104.85),(20090605,89,14,331,320,85630.7),(20090605,89,14,338,145,57550.7),(20090605,89,14,343,305,8147.46),(20090605,89,14,372,64,29575.1),(20090607,84,35,31,55,4325.93),(20090607,84,35,173,108,53863.3),(20090607,84,35,216,300,34489.2),(20090607,84,35,334,198,84590.1),(20090607,84,35,359,66,19587.8),(20090607,84,35,438,271,108024),(20090618,79,23,125,185,41792.3),(20090618,79,23,165,103,27548.2),(20090618,79,23,209,162,8029.84),(20090618,79,23,267,332,90793.2),(20090618,79,23,380,14,3015.56),(20090618,79,23,456,385,60631.7),(20090618,79,23,464,281,37820.2),(20090619,25,37,184,73,3764.22),(20090623,99,35,105,353,99063),(20090623,99,35,125,74,16716.9),(20090623,99,35,149,287,39427),(20090623,99,35,158,76,24475.6),(20090623,99,35,256,332,105007),(20090623,99,35,393,40,8481.87),(20090625,4,13,72,318,40717.5),(20090625,4,13,144,123,7641.98),(20090625,4,13,245,197,5306.33),(20090625,4,13,313,70,3988.32),(20090625,4,13,366,7,924.912),(20090625,4,13,405,138,15196.7),(20090625,4,13,462,219,88729.3),(20090625,4,13,472,103,45175.7),(20090625,58,34,56,303,80969.8),(20090625,58,34,114,149,21946.9),(20090625,58,34,176,66,25257.2),(20090625,58,34,180,113,16178.9),(20090625,58,34,195,380,117739),(20090625,58,34,213,61,14330.3),(20090625,58,34,251,271,60055),(20090625,58,34,406,70,33358.8),(20090625,70,21,30,400,10525),(20090625,70,21,68,296,123547),(20090625,70,21,74,55,21019),(20090625,70,21,201,118,9134.71),(20090628,29,36,6,247,56739.3),(20090628,29,36,45,236,33234.3),(20090628,29,36,98,39,13731.1),(20090628,29,36,172,238,20914.6),(20090628,29,36,218,253,90931.7),(20090628,29,36,269,58,17201),(20090628,29,36,319,122,14308.4),(20090628,29,36,379,268,106088),(20090628,29,36,402,112,14936.1),(20090629,88,9,43,258,40003.6),(20090629,88,9,310,119,12822.4),(20090629,88,9,434,305,25960.6),(20090629,88,9,435,153,47506.3),(20090629,88,9,494,300,18318.8),(20090629,88,9,500,110,8812.74),(20090630,75,38,23,152,28250.9),(20090630,75,38,148,222,28993.9),(20090630,75,38,149,326,44784.7),(20090630,75,38,234,303,64700.9),(20090630,75,38,309,55,956.222),(20090630,75,38,350,192,22786.7),(20090630,75,38,451,87,43461.8),(20090630,75,38,487,392,70392.3),(20090630,78,31,257,30,377.337),(20090630,78,31,453,265,68506.7),(20090630,78,31,488,147,44469.8),(20090630,78,31,499,393,45567.9),(20090704,37,49,236,100,45464),(20090704,37,49,306,262,60666.2),(20090704,37,49,308,299,59423.8),(20090706,22,46,91,194,45276.3),(20090706,22,46,115,274,10372.3),(20090706,22,46,142,84,8515.99),(20090706,22,46,378,270,99973.1),(20090706,22,46,387,295,15424.7),(20090706,22,46,390,43,2242.92),(20090706,22,46,417,348,107059),(20090706,34,45,5,66,7173.26),(20090706,34,45,130,10,3886.11),(20090706,34,45,300,289,100864),(20090706,34,45,303,84,32796.5),(20090706,34,45,457,394,36187.2),(20090709,92,50,34,244,95029.8),(20090709,92,50,242,27,2563.69),(20090709,92,50,432,77,1883.74),(20090712,73,7,42,41,7980.88),(20090712,73,7,49,398,168718),(20090712,73,7,310,357,38467.1),(20090712,73,7,471,140,18081.7),(20090716,63,46,83,170,42099.8),(20090716,63,46,148,327,42707.3),(20090716,63,46,158,393,126564),(20090716,63,46,282,80,16267),(20090717,17,9,18,86,23741.7),(20090717,17,9,475,69,27425.5),(20090719,24,5,78,12,2435.26),(20090731,13,41,22,125,25438.6),(20090731,13,41,126,39,1458.75),(20090731,13,41,206,250,105820),(20090731,13,41,430,95,24437.8),(20090803,83,18,68,212,88486.4),(20090803,83,18,117,267,2435.13),(20090803,83,18,181,387,112617),(20090810,29,5,19,176,21287.5),(20090810,29,5,97,180,10979.9),(20090810,29,5,121,192,30496.3),(20090810,29,5,241,399,79121.4),(20090810,29,5,258,240,112396),(20090817,13,20,91,377,87985.3),(20090817,13,20,134,156,6134.62),(20090817,13,20,215,350,159961),(20090817,13,20,275,237,2636.83),(20090817,13,20,365,46,19488.7),(20090817,13,20,404,86,12541.3),(20090818,41,29,14,60,9550.8),(20090818,41,29,124,9,929.746),(20090818,41,29,415,7,1217.62),(20090820,81,11,184,367,18924.2),(20090820,81,11,323,219,68673.9),(20090820,81,11,404,25,3645.74),(20090904,23,11,63,184,50119.2),(20090904,23,11,215,134,61242.1),(20090904,23,11,283,6,1275.6),(20090904,23,11,290,247,48340.9),(20090904,23,11,409,376,19400.7),(20090904,23,11,412,97,14029.5),(20090904,23,11,428,376,117392),(20090904,23,11,451,292,145872),(20090904,23,11,499,159,18435.9),(20090907,23,1,37,332,147608),(20090907,23,1,56,328,87650.5),(20090907,23,1,90,254,105324),(20090907,23,1,129,388,59774.8),(20090907,23,1,145,290,111792),(20090907,23,1,311,222,107708),(20090907,23,1,439,274,61277.2),(20090907,23,1,492,313,99020.9),(20090907,35,1,160,258,71623),(20090907,35,1,168,102,41891.8),(20090907,35,1,183,207,4520.31),(20090907,35,1,462,235,95211.9),(20090907,35,1,500,329,26358.1),(20090909,13,38,28,123,7273.69),(20090909,13,38,126,202,7555.55),(20090909,13,38,142,189,19161),(20090909,13,38,255,364,86999.4),(20090909,13,38,306,158,36585),(20090916,69,16,207,259,100999),(20090921,78,12,101,320,20287.2),(20090921,78,12,144,319,19819.4),(20090921,78,12,272,121,27724.3),(20090928,30,44,238,99,36227.5),(20090928,30,44,296,398,96731.2),(20090928,30,44,421,179,18748),(20090928,30,44,422,36,13315.7),(20090928,30,44,424,211,9503.75),(20091010,39,36,239,387,76569),(20091010,39,36,245,297,7999.9),(20091019,18,22,116,75,1415.02),(20091019,18,22,149,36,4945.55),(20091019,18,22,227,265,41725.6),(20091019,18,22,253,355,153056),(20091019,18,22,268,295,45931.3),(20091019,18,22,301,167,16040.4),(20091019,18,22,487,2,359.144),(20091019,18,22,495,38,7719.14),(20091023,67,34,36,307,119109),(20091023,67,34,131,375,162682),(20091023,67,34,206,394,166772),(20091023,67,34,250,43,16573.1),(20091023,67,34,296,376,91384.2),(20091023,67,34,347,115,12734.5),(20091023,67,34,357,15,7300.57),(20091023,67,34,437,270,61529.1),(20091023,67,34,447,307,96045.3),(20091023,67,34,490,137,14489.4),(20091105,90,16,13,252,51196.8),(20091105,90,16,60,33,8695.39),(20091105,90,16,135,166,39145.5),(20091105,90,16,146,138,11834.9),(20091105,90,16,239,287,56783.7),(20091105,90,16,325,155,29198.4),(20091105,90,16,342,238,98423.2),(20091105,90,16,438,300,119584),(20091105,90,16,471,52,6716.06),(20091105,90,16,496,219,37719.6),(20091110,5,10,60,93,24505.2),(20091110,5,10,283,294,62504.6),(20091110,5,10,293,81,15697),(20091110,5,10,297,377,108081),(20091110,5,10,375,361,42575.3),(20091110,5,10,415,289,50270.4),(20091110,5,10,458,375,29493.9),(20091110,5,10,487,197,35375.7),(20091110,5,10,498,291,103089),(20091113,67,21,80,286,112192),(20091113,67,21,87,324,148805),(20091113,67,21,129,232,35741.6),(20091113,67,21,156,41,7616.87),(20091113,67,21,285,46,3713.73),(20091113,67,21,336,296,1041.49),(20091113,67,21,341,111,25960.2),(20091113,67,21,398,398,28297.8),(20091113,67,21,420,61,23901.3),(20091117,91,11,98,269,94709.3),(20091117,91,11,127,356,11156.7),(20091117,91,11,178,325,119601),(20091117,91,11,238,367,134298),(20091117,91,11,245,315,8484.74),(20091117,91,11,270,142,37947.6),(20091117,91,11,283,97,20622.3),(20091117,91,11,404,325,47394.6),(20091119,51,32,302,66,9266.83),(20091120,9,36,65,123,17919.9),(20091120,9,36,76,272,36667.2),(20091120,9,36,79,236,56198.5),(20091120,9,36,105,360,101027),(20091120,9,36,339,119,10501.8),(20091120,9,36,414,248,3821.04),(20091120,9,36,436,3,1417.35),(20091123,68,23,25,14,216.02),(20091123,68,23,57,206,79925.8),(20091123,68,23,108,179,50837.9),(20091123,68,23,475,76,30207.8),(20091123,68,23,482,175,41292),(20091124,1,25,13,349,70903.5),(20091124,1,25,183,85,1856.16),(20091124,1,25,336,388,1365.19),(20091124,1,25,461,175,57798.8),(20091124,1,25,486,238,15506),(20091124,58,26,5,113,12281.5),(20091124,58,26,162,281,36529.3),(20091124,58,26,237,214,35885.5),(20091124,58,26,316,111,22079.2),(20091124,58,26,477,181,17365.6),(20091129,45,34,24,345,141755),(20091129,45,34,153,237,115674),(20091129,45,34,183,298,6507.49),(20091129,45,34,283,70,14882),(20091129,45,34,403,44,1752.09),(20091129,45,34,493,76,32507.1),(20091129,45,34,495,135,27423.3),(20091205,36,25,316,45,8951.04),(20091205,36,25,329,149,43349.5),(20091205,36,25,332,89,27274.2),(20091205,36,25,364,36,10693.9),(20091205,36,25,405,180,19821.7),(20091206,32,27,170,84,28264.5),(20091206,32,27,236,134,60921.8),(20091206,32,27,359,35,10387.5),(20091206,32,27,371,13,3998.82),(20091206,32,27,430,383,98523.1),(20091206,32,27,464,145,19515.8),(20091206,32,27,486,82,5342.4),(20091206,32,27,491,256,112922),(20091207,47,13,94,57,15710.2),(20091207,47,13,147,102,10577.8),(20091207,47,13,276,237,74910),(20091207,47,13,294,313,12213.2),(20091207,47,13,373,281,86069.3),(20091207,47,13,384,172,80384.6),(20091207,47,13,408,122,25840.4),(20091207,47,13,462,271,109798),(20091209,91,8,52,223,29266.8),(20091209,91,8,145,254,97914.4),(20091209,91,8,185,244,81279),(20091209,91,8,254,100,49890.8),(20091209,91,8,288,188,16630),(20091209,91,8,371,7,2153.21),(20091209,91,8,373,42,12864.5),(20091210,73,15,45,186,26193.2),(20091210,73,15,326,269,85529),(20091211,37,30,9,303,123018),(20091211,37,30,59,288,24651.6),(20091216,22,28,228,281,2423.5),(20091218,14,8,155,19,1313.57),(20091218,14,8,200,302,39239.8),(20091218,14,8,225,246,97755),(20091218,14,8,348,195,70239.3),(20091219,61,23,211,208,55711.1),(20091219,61,23,498,359,127178),(20091223,70,18,359,345,102391),(20091224,21,4,63,103,28055.8),(20091224,21,4,237,11,1844.58),(20091224,21,4,238,352,128809),(20091224,21,4,454,138,56031.6),(20091224,21,4,495,153,31079.7),(20091224,75,21,263,23,2080.12),(20091224,75,21,337,153,11016.7),(20091225,77,1,118,215,82894.9),(20091225,77,1,147,240,24888.9),(20091225,77,1,251,260,57617.3),(20091225,77,1,261,72,5560.09),(20091225,77,1,278,207,34212.4),(20091225,77,1,282,258,52461.2),(20091225,77,1,347,250,27683.7),(20091225,77,1,483,112,27537.9),(20091225,94,31,22,395,80386),(20091225,94,31,219,315,52164.8),(20091226,51,47,104,309,62843),(20091226,51,47,359,8,2374.28),(20091226,51,47,361,275,83992.7),(20091226,51,47,397,386,43703.1),(20091229,32,20,243,148,51918.4),(20091229,32,20,355,158,25122.6),(20091230,57,16,109,287,89466.1),(20091230,57,16,115,330,12492.2),(20091230,57,16,119,387,10944.1),(20091230,57,16,236,88,40008.3),(20091230,57,16,297,91,26088.6),(20091230,57,16,339,222,19591.5),(20091230,57,16,365,24,10168),(20091230,57,16,471,221,28543.3),(20100101,11,48,144,53,3292.89),(20100101,11,48,180,22,3149.87),(20100101,11,48,204,355,81309),(20100101,11,48,500,54,4326.25),(20100103,25,21,11,43,91.9677),(20100103,25,21,69,103,28682.3),(20100103,25,21,206,127,53756.4),(20100103,25,21,276,144,45514.9),(20100103,25,21,340,151,56863.5),(20100103,25,21,436,394,186145),(20100103,25,21,480,2,227.74),(20100104,49,3,21,59,8420.23),(20100104,49,3,26,62,16241.5),(20100104,49,3,27,265,101770),(20100104,49,3,93,203,46366.2),(20100104,49,3,376,34,13963.8),(20100104,49,3,384,184,85992.9),(20100104,49,3,411,35,9368.88),(20100104,49,3,429,235,47133.2),(20100104,49,3,485,259,60908),(20100105,96,36,88,192,75720.5),(20100105,96,36,108,16,4544.17),(20100105,96,36,148,293,38266.8),(20100105,96,36,228,349,3009.97),(20100105,96,36,235,345,28201.8),(20100105,96,36,267,349,95442.3),(20100105,96,36,413,286,125342),(20100105,96,36,466,20,3717.17),(20100105,96,36,489,58,11415.8),(20100106,9,42,50,96,15870.6),(20100106,9,42,305,177,50083),(20100106,9,42,307,375,172503),(20100106,9,42,388,368,94762.7),(20100109,49,6,226,295,54137.5),(20100109,49,6,481,292,138966),(20100109,55,42,139,106,15369.4),(20100109,55,42,200,150,19489.9),(20100109,55,42,414,120,1848.89),(20100114,79,34,292,276,85664.8),(20100114,79,34,302,130,18252.8),(20100114,79,34,449,329,7374.52),(20100115,36,13,43,365,56594.3),(20100115,36,13,161,48,7305.1),(20100115,36,13,167,57,17739.1),(20100115,36,13,182,139,618.153),(20100115,36,13,346,266,132992),(20100115,36,13,418,135,62439.8),(20100121,47,20,15,298,143279),(20100121,47,20,44,348,78180.8),(20100121,47,20,86,252,83640.8),(20100121,47,20,122,23,1714.01),(20100121,47,20,131,208,90234.4),(20100121,47,20,208,24,6527.14),(20100121,47,20,345,377,7315.69),(20100121,47,20,359,72,21368.5),(20100121,47,20,496,333,57354.4),(20100121,52,36,103,39,15491.4),(20100121,52,36,164,101,20161),(20100121,52,36,166,221,66703.7),(20100121,52,36,248,279,135180),(20100121,52,36,282,79,16063.7),(20100121,52,36,361,171,52228.2),(20100121,52,36,392,359,147516),(20100121,52,36,436,335,158271),(20100121,52,36,454,296,120184),(20100125,6,10,19,91,11006.6),(20100125,6,10,69,135,37593.3),(20100125,6,10,208,211,57384.4),(20100125,6,10,293,97,18797.6),(20100125,6,10,312,332,29300.4),(20100125,6,10,344,341,137956),(20100125,6,10,445,400,170176),(20100125,6,10,455,120,56736.1),(20100125,53,46,38,93,34061),(20100128,99,47,30,37,973.56),(20100128,99,47,152,169,29409.3),(20100128,99,47,223,355,84818.6),(20100128,99,47,298,241,61266.8),(20100128,99,47,330,257,41276.3),(20100128,99,47,367,379,97765.1),(20100128,99,47,483,161,39585.8),(20100130,81,18,33,129,8812.42),(20100130,81,18,55,232,21370.3),(20100130,81,18,133,141,6914.91),(20100130,81,18,182,232,1031.74),(20100130,81,18,372,131,60536.6),(20100130,81,18,396,48,22166.4),(20100130,81,18,430,186,47846.7),(20100130,81,18,436,281,132758),(20100130,81,18,484,15,1693.72),(20100130,81,18,485,335,78780.7),(20100202,9,38,123,270,88872.8),(20100202,9,38,150,214,82468.3),(20100202,9,38,266,171,54246),(20100202,9,38,280,243,94866),(20100202,9,38,296,363,88224.7),(20100202,9,38,432,165,4036.58),(20100202,9,38,449,112,2510.48),(20100202,9,38,500,352,28200.8),(20100206,93,37,66,221,61084.7),(20100206,93,37,90,95,39392.7),(20100206,93,37,101,221,14010.9),(20100206,93,37,104,207,42098.7),(20100206,93,37,313,292,16637),(20100206,93,37,357,188,91500.5),(20100206,93,37,374,250,110260),(20100206,93,37,389,298,59592.3),(20100206,93,37,396,163,75273.3),(20100206,95,41,176,7,2678.79),(20100206,95,41,239,373,73799),(20100206,95,41,411,312,83516.8),(20100206,95,41,430,97,24952.3),(20100207,7,40,71,324,108449),(20100207,7,40,105,345,96818),(20100207,7,40,131,311,134918),(20100207,7,40,212,178,15088.7),(20100207,7,40,264,115,1736.69),(20100207,7,40,298,160,40675.1),(20100207,7,40,317,120,41527.9),(20100208,87,11,94,142,39137.7),(20100208,90,10,100,324,72786.2),(20100208,90,10,217,124,3142.93),(20100208,90,10,358,119,58265.9),(20100208,90,10,370,57,28195.7),(20100208,90,10,465,85,11489.5),(20100208,90,10,479,63,17733.2),(20100209,70,28,27,375,144014),(20100209,70,28,212,214,18140.3),(20100209,70,28,270,206,55050.7),(20100209,70,28,315,263,84736.3),(20100213,25,25,33,134,9153.99),(20100213,25,25,109,55,17145.1),(20100213,25,25,242,82,7786.01),(20100213,25,25,264,215,3246.86),(20100213,25,25,279,60,26398.7),(20100213,25,25,435,224,69551.8),(20100218,97,19,185,28,9327.1),(20100218,97,19,248,281,136149),(20100218,97,19,279,62,27278.6),(20100218,97,19,281,358,53076.1),(20100218,97,19,283,140,29764.1),(20100218,97,19,434,123,10469.3),(20100218,97,19,439,208,46517),(20100219,89,9,141,148,17447.1),(20100219,89,9,397,329,37249.6),(20100221,32,38,12,381,131808),(20100221,32,38,27,313,120204),(20100221,32,38,188,340,136308),(20100221,32,38,210,384,162539),(20100221,32,38,345,205,3978.03),(20100223,17,20,302,67,9407.24),(20100223,17,20,337,319,22969.5),(20100223,17,20,346,97,48497.1),(20100223,17,20,388,333,85750),(20100223,17,20,389,185,36995.2),(20100223,17,20,405,357,39313.1),(20100223,17,20,484,328,37035.9),(20100228,31,30,167,114,35478.2),(20100228,31,30,376,358,147030),(20100228,31,30,383,208,9813.4),(20100228,35,18,91,112,26138.9),(20100228,35,18,131,361,156609),(20100228,35,18,134,253,9949.1),(20100228,35,18,264,197,2975.03),(20100228,35,18,314,148,5948.19),(20100228,35,18,390,315,16430.7),(20100228,35,18,404,389,56727.7),(20100228,35,18,415,82,14263.6),(20100228,35,18,483,219,53846.5),(20100228,90,17,97,221,13480.9),(20100228,90,17,123,187,61552.6),(20100228,90,17,125,248,56024.3),(20100228,90,17,187,377,179447),(20100228,90,17,244,223,9484.04),(20100228,90,17,245,227,6114.4),(20100228,90,17,270,357,95403.5),(20100228,90,17,272,327,74924.3),(20100228,90,17,391,2,732.329),(20100304,32,48,153,359,175219),(20100304,32,48,339,374,33005.5),(20100304,32,48,431,90,33107.6),(20100304,32,48,476,384,51326.9),(20100304,32,48,484,47,5306.98),(20100308,78,30,34,146,56862.1),(20100308,78,30,315,195,62827.3),(20100308,78,30,392,371,152447),(20100308,92,43,24,41,16846.3),(20100308,92,43,28,204,12063.7),(20100308,92,43,51,78,36614.6),(20100308,92,43,53,61,4425.58),(20100308,92,43,148,312,40748.2),(20100308,92,43,342,252,104213),(20100308,92,43,347,21,2325.43),(20100308,92,43,402,292,38940.6),(20100308,92,43,478,290,51683.1),(20100308,92,43,484,290,32745.2),(20100309,11,4,145,343,132223),(20100309,11,4,191,40,7751.57),(20100309,11,4,247,174,39572.6),(20100309,11,4,265,342,87970.2),(20100309,11,4,357,386,187868),(20100309,11,4,370,134,66284.6),(20100309,11,4,443,336,72878.9),(20100310,17,44,77,309,139312),(20100310,17,44,148,397,51849.5),(20100310,17,44,157,241,89195.9),(20100310,17,44,278,333,55037.3),(20100310,17,44,300,133,46418.4),(20100310,17,44,389,148,29596.2),(20100310,17,44,444,322,22182.3),(20100312,18,13,38,304,111339),(20100312,18,13,77,316,142468),(20100312,18,13,139,364,52777.9),(20100312,18,13,349,219,92172.9),(20100317,13,38,141,254,29943),(20100317,13,38,165,181,48410),(20100317,13,38,168,271,111301),(20100317,13,38,177,248,110885),(20100317,13,38,206,351,148571),(20100317,13,38,492,257,81304.7),(20100317,16,1,84,105,32444.8),(20100317,16,1,113,362,168222),(20100317,16,1,123,67,22053.6),(20100317,16,1,152,190,33063.7),(20100317,16,1,257,312,3924.3),(20100317,16,1,372,165,76248.3),(20100317,16,1,496,180,31002.4),(20100319,12,16,9,205,83230.1),(20100319,12,16,54,31,10854.3),(20100319,12,16,57,254,98549.2),(20100319,12,16,78,34,6899.92),(20100319,12,16,132,352,124712),(20100319,12,16,287,111,31826.6),(20100319,12,16,323,350,109753),(20100319,12,16,330,288,46255.2),(20100321,45,28,99,238,17391.1),(20100321,45,28,178,100,36800.4),(20100321,45,28,183,55,1201.05),(20100321,45,28,198,131,55921.3),(20100321,45,28,271,160,32694.6),(20100321,45,28,369,254,13750.9),(20100321,45,28,473,333,152392),(20100324,35,2,20,50,22990.2),(20100324,35,2,153,124,60521.3),(20100324,35,2,156,88,16348.4),(20100324,35,2,172,252,22144.9),(20100324,35,2,188,41,16437.1),(20100324,35,2,223,124,29626.8),(20100324,35,2,259,144,17265.8),(20100324,35,2,426,345,153566),(20100324,35,2,477,243,23314.1),(20100325,86,5,33,109,7446.16),(20100325,86,5,37,342,152054),(20100325,86,5,86,85,28212.2),(20100325,86,5,89,393,33120.6),(20100325,86,5,199,121,14848.9),(20100325,86,5,206,208,88041.9),(20100325,86,5,292,45,13967.1),(20100325,86,5,381,344,48521.1),(20100327,14,2,131,33,14316),(20100327,14,2,376,38,15606.6),(20100328,69,5,140,271,73804),(20100401,39,50,12,130,44973.9),(20100401,39,50,192,259,83410.3),(20100401,39,50,292,111,34452.1),(20100401,39,50,337,218,15697),(20100401,39,50,485,182,42800.3),(20100403,4,4,189,97,7861.99),(20100406,47,6,79,103,24527.3),(20100406,47,6,102,355,54845.7),(20100406,47,6,133,255,12505.7),(20100406,47,6,315,360,115989),(20100406,47,6,331,44,11774.2),(20100406,47,6,340,127,47825.6),(20100406,47,6,404,109,15895.4),(20100406,47,6,434,127,10809.8),(20100406,47,6,483,32,7867.98),(20100407,2,17,120,390,68665.4),(20100407,2,17,121,224,35579),(20100407,2,17,148,138,18023.2),(20100407,2,17,252,125,49477.7),(20100407,2,17,350,328,38927.3),(20100407,2,17,497,398,107746),(20100407,48,49,458,357,28078.2),(20100409,7,49,26,49,12836),(20100409,7,49,211,33,8838.79),(20100409,7,49,299,187,34326),(20100409,7,49,469,184,23218.3),(20100409,7,49,486,400,26060.5),(20100412,64,4,174,382,133792),(20100412,64,4,275,150,1668.88),(20100412,64,4,411,167,44702.9),(20100416,51,50,30,80,2104.99),(20100416,51,50,45,85,11970),(20100416,51,50,81,332,37545.4),(20100416,51,50,254,79,39413.8),(20100416,51,50,260,254,46987.9),(20100416,51,50,289,105,8497.83),(20100416,51,50,353,253,65240.7),(20100416,51,50,397,98,11095.6),(20100416,51,50,423,139,21440.5),(20100416,51,50,491,36,15879.6),(20100419,93,8,36,210,81475.1),(20100419,93,8,157,261,96598),(20100419,93,8,187,80,38078.9),(20100419,93,8,225,10,3973.78),(20100419,93,8,354,16,3871.51),(20100419,93,8,371,271,83360),(20100419,93,8,393,244,51739.4),(20100419,93,8,471,351,45333.4),(20100419,93,8,499,365,42321.3),(20100419,93,8,500,95,7611),(20100420,73,15,23,23,4274.81),(20100420,73,15,75,184,1489.1),(20100420,73,15,139,296,42918.3),(20100420,73,15,154,41,9111.13),(20100420,73,15,228,130,1121.19),(20100420,73,15,307,139,63941),(20100421,4,28,20,323,148517),(20100421,4,28,77,78,35166.2),(20100421,4,28,97,168,10247.9),(20100421,4,28,105,249,69877.3),(20100422,34,49,278,368,60822),(20100422,34,49,351,125,16406.2),(20100422,59,37,133,236,11573.9),(20100422,59,37,150,288,110985),(20100422,59,37,246,317,39024.8),(20100423,22,7,49,43,18228.3),(20100423,22,7,155,139,9609.82),(20100423,22,7,278,275,45451.2),(20100423,22,7,310,161,17347.9),(20100423,22,7,423,91,14036.6),(20100428,31,7,30,157,4131.05),(20100428,31,7,70,382,177621),(20100428,31,7,207,292,113867),(20100428,31,7,302,294,41279.5),(20100428,31,7,323,383,120101),(20100428,31,7,406,211,100553),(20100428,31,7,414,306,4714.67),(20100506,30,39,324,192,24803.4),(20100506,30,39,348,307,110582),(20100506,30,39,354,272,65815.7),(20100506,30,39,379,331,131027),(20100506,30,39,434,35,2979.08),(20100506,30,39,450,39,16847.5),(20100507,76,34,50,300,49595.5),(20100507,76,34,64,132,33351.9),(20100507,76,34,254,314,156657),(20100507,95,26,3,152,67963.3),(20100507,95,26,292,73,22657.7),(20100507,95,26,406,278,132482),(20100509,79,50,3,325,145316),(20100509,79,50,330,185,29712.5),(20100511,5,38,66,381,105309),(20100511,59,27,18,382,105457),(20100511,59,27,112,383,123284),(20100511,59,27,179,372,183438),(20100511,59,27,217,362,9175.32),(20100511,59,27,257,264,3320.56),(20100513,47,18,39,7,1343.82),(20100513,47,18,41,52,19041),(20100513,47,18,105,79,22169.9),(20100513,47,18,186,291,28621.8),(20100513,47,18,190,291,69436.8),(20100513,47,18,289,23,1861.43),(20100513,47,18,490,310,32786.2),(20100513,53,45,8,161,46096),(20100513,53,45,110,25,10449.5),(20100513,53,45,192,195,62799.2),(20100513,53,45,375,182,21464.6),(20100513,53,45,436,125,59056.2),(20100517,15,27,9,121,49126.1),(20100517,15,27,18,156,43066.4),(20100517,15,27,95,298,137697),(20100517,15,27,122,36,2682.79),(20100517,15,27,167,230,71578.8),(20100517,15,27,178,257,94577.2),(20100517,15,27,382,353,68991.1),(20100517,15,27,408,393,83239.9),(20100522,8,1,48,394,178747),(20100522,8,1,73,204,10571.3),(20100522,8,1,204,83,19010.3),(20100522,8,1,225,148,58812),(20100522,8,1,277,179,78792.1),(20100522,8,1,281,391,57968.5),(20100522,8,1,348,167,60153.6),(20100522,8,1,397,17,1924.75),(20100522,8,1,453,150,38777.4),(20100523,34,40,249,18,5072.63),(20100523,34,40,300,396,138208),(20100527,65,16,30,347,9130.41),(20100527,65,16,119,356,10067.5),(20100527,65,16,131,143,62036.1),(20100527,65,16,142,105,10645),(20100527,65,16,146,309,26499.9),(20100527,65,16,390,268,13979.1),(20100527,65,16,408,99,20968.8),(20100527,65,16,487,134,24062.7),(20100527,65,16,499,35,4058.21),(20100531,84,44,47,168,74657.3),(20100531,84,44,97,22,1341.99),(20100531,84,44,161,383,58288.6),(20100531,84,44,203,111,42242.9),(20100531,84,44,311,299,145066),(20100602,40,42,86,72,23897.4),(20100602,40,42,119,357,10095.7),(20100602,40,42,234,151,32243.7),(20100602,40,42,341,153,35782.9),(20100602,40,42,358,150,73444.4),(20100602,40,42,485,25,5879.15),(20100610,59,32,445,104,44245.7),(20100611,13,21,29,310,38416.3),(20100611,13,21,274,336,95833.3),(20100611,13,21,306,315,72938.4),(20100612,35,38,130,348,135237),(20100612,35,38,155,7,483.948),(20100612,35,38,220,326,90382.4),(20100612,35,38,224,130,37552),(20100612,35,38,293,376,72865),(20100612,35,38,363,106,3718.53),(20100612,35,38,426,44,19585.2),(20100616,28,38,107,63,10217.8),(20100616,28,38,115,133,5034.73),(20100616,28,38,141,378,44560.9),(20100616,28,38,185,123,40972.6),(20100616,28,38,200,113,14682.4),(20100616,28,38,214,102,50775.6),(20100616,28,38,363,398,13962),(20100616,28,38,397,138,15624.4),(20100616,28,38,432,134,3278.19),(20100620,55,11,33,150,10247),(20100620,55,11,70,284,132053),(20100620,55,11,85,302,41196.3),(20100620,55,11,201,308,23843.1),(20100620,55,11,439,102,22811.2),(20100620,55,11,498,225,79707.9),(20100624,97,32,53,287,20822),(20100624,97,32,113,343,159393),(20100624,97,32,137,304,63240.2),(20100624,97,32,144,224,13917.1),(20100705,85,13,27,205,78727.7),(20100705,85,13,31,283,22258.9),(20100705,85,13,160,160,44417.3),(20100705,85,13,350,252,29907.6),(20100705,85,13,400,289,129945),(20100710,46,12,105,13,3648.21),(20100710,46,12,209,221,10954.3),(20100710,46,12,248,75,36338.6),(20100710,46,12,313,144,8204.55),(20100710,46,12,333,73,334.114),(20100710,46,12,375,92,10850.2),(20100710,46,12,432,112,2739.98),(20100710,46,12,451,342,170850),(20100710,80,44,44,276,62005.5),(20100710,80,44,238,151,55256.2),(20100710,80,44,269,135,40036.8),(20100710,80,44,304,319,147966),(20100710,80,44,332,186,57000.1),(20100715,36,18,56,119,31800),(20100715,36,18,388,25,6437.69),(20100715,36,18,423,181,27919),(20100715,36,18,451,75,37467),(20100715,36,18,464,156,20996.3),(20100719,39,50,127,179,5609.69),(20100719,39,50,181,40,11640),(20100719,39,50,249,65,18317.8),(20100719,39,50,301,168,16136.4),(20100719,39,50,385,60,22926.9),(20100719,39,50,407,48,21646.5),(20100719,39,50,423,143,22057.5),(20100719,39,50,480,123,14006),(20100722,15,37,257,66,830.14),(20100722,15,37,368,356,81976.6),(20100722,15,37,378,339,125522),(20100722,15,37,385,127,48528.5),(20100722,15,37,427,51,11069),(20100725,53,21,225,129,51261.8),(20100725,53,21,281,160,23721.1),(20100725,53,21,398,316,22467.6),(20100725,53,21,429,374,75012),(20100725,53,21,480,83,9451.2),(20100802,93,22,10,377,138039),(20100802,93,22,192,337,108530),(20100803,13,21,279,221,97235.1),(20100803,13,21,310,313,33726.1),(20100804,14,27,460,90,31468.2),(20100804,97,35,93,198,45224.1),(20100804,97,35,133,179,8778.5),(20100804,97,35,225,25,9934.45),(20100804,97,35,400,393,176707),(20100804,97,35,486,232,15115.1),(20100805,73,5,269,226,67024.6),(20100811,35,18,39,319,61239.7),(20100811,35,18,48,20,9073.46),(20100811,35,18,111,35,12099.7),(20100811,35,18,121,290,46062.1),(20100811,35,18,140,77,20970.1),(20100811,35,18,232,216,30662.1),(20100811,35,18,303,243,94875.5),(20100814,77,13,27,65,24962.4),(20100814,77,13,168,399,163871),(20100814,77,13,197,268,38787.2),(20100814,77,13,300,74,25826.8),(20100814,77,13,321,189,35844.9),(20100814,77,13,379,361,142902),(20100814,77,13,470,222,102788),(20100815,18,2,250,284,109460),(20100815,18,2,468,60,15114.5),(20100815,18,2,495,327,66425.3),(20100816,75,21,46,230,1933.52),(20100816,75,21,79,33,7858.27),(20100816,75,21,95,118,54524.4),(20100816,75,21,238,122,44644),(20100816,75,21,284,78,25684.9),(20100816,75,21,292,134,41590.9),(20100819,81,7,55,306,28186.6),(20100819,81,7,224,42,12132.2),(20100819,81,7,227,301,47393.9),(20100819,81,7,238,392,143446),(20100819,81,7,289,55,4451.24),(20100819,81,7,356,12,1842.63),(20100819,81,7,494,121,7388.58),(20100827,66,45,35,43,20299.3),(20100827,66,45,220,279,77351.8),(20100827,66,45,310,224,24136.2),(20100827,66,45,320,220,7409.81),(20100827,66,45,373,156,47782.3),(20100827,66,45,422,217,80264.3),(20100829,69,37,3,110,49183.9),(20100829,69,37,165,381,101902),(20100829,69,37,243,342,119974),(20100829,69,37,365,362,153368),(20100829,69,37,383,174,8209.29),(20100829,69,37,433,180,35105),(20100829,69,37,448,400,186916),(20100829,69,37,474,9,3013.08),(20100829,69,37,497,367,99353.5),(20100830,17,39,35,84,39654.5),(20100830,17,39,45,352,49569.9),(20100830,17,39,75,162,1311.06),(20100830,17,39,103,353,140217),(20100830,17,39,364,217,64460.2),(20100830,17,39,408,26,5506.97),(20100831,38,16,447,374,117006),(20100831,38,16,467,276,133759),(20100831,100,26,19,372,44994.1),(20100831,100,26,115,241,9123.08),(20100831,100,26,169,93,30003.3),(20100831,100,26,183,151,3297.42),(20100831,100,26,272,150,34368.9),(20100831,100,26,370,2,989.322),(20100902,29,38,197,210,30392.9),(20100902,29,38,398,260,18486),(20100903,77,12,125,315,71159.9),(20100903,77,12,180,5,715.878),(20100903,77,12,235,292,23869.3),(20100903,77,12,254,48,23947.6),(20100903,77,12,295,28,1610.73),(20100903,77,12,335,106,13461.2),(20100903,77,12,404,152,22166.1),(20100903,77,12,418,48,22200.8),(20100903,77,12,479,315,88665.8),(20100903,77,12,493,259,110781),(20100905,4,11,65,138,20105.2),(20100905,4,11,138,206,92487.8),(20100905,4,11,153,250,122019),(20100905,4,11,232,133,18879.9),(20100905,4,11,296,368,89439.9),(20100905,4,11,335,14,1777.89),(20100905,4,11,364,222,65945.4),(20100905,4,11,409,99,5108.15),(20100905,4,11,427,88,19099.5),(20100905,4,11,477,175,16790),(20100907,94,13,246,45,5539.8),(20100907,94,13,288,203,17956.9),(20100907,94,13,291,382,16212.8),(20100907,94,13,443,353,76566.2),(20100907,94,13,454,317,128710),(20100907,94,13,464,147,19784.9),(20100909,32,36,56,240,64134.5),(20100909,32,36,74,194,74139.8),(20100909,32,36,123,120,39499),(20100909,32,36,142,166,16829.2),(20100909,32,36,165,25,6686.47),(20100909,32,36,211,275,73656.5),(20100909,32,36,234,125,26691.8),(20100909,32,36,302,197,27660.1),(20100909,32,36,316,372,73995.3),(20100909,32,36,341,235,54960.7),(20100909,91,7,1,240,96788.3),(20100909,91,7,70,364,169251),(20100909,91,7,358,93,45535.5),(20100911,1,24,124,189,19524.7),(20100911,19,18,42,383,74553.1),(20100911,19,18,282,89,18097.1),(20100911,19,18,323,319,100032),(20100912,66,20,62,275,122433),(20100912,66,20,79,161,38338.8),(20100912,66,20,211,73,19552.5),(20100912,66,20,250,1,385.422),(20100912,66,20,286,131,48088.9),(20100912,66,20,300,139,48512.5),(20100912,66,20,334,61,26060.6),(20100912,66,20,341,182,42565.3),(20100912,66,20,360,193,76661.3),(20100912,66,20,400,66,29675.9),(20100913,51,5,379,359,142111),(20100916,13,41,16,189,302.604),(20100916,13,41,44,227,50997.2),(20100916,13,41,83,77,19068.7),(20100916,13,41,226,193,35418.8),(20100916,13,41,242,92,8735.52),(20100916,13,41,291,225,9549.41),(20100916,13,41,300,105,36646.1),(20100916,13,41,370,334,165217),(20100916,13,41,408,135,28593.9),(20100916,74,10,31,157,12348.6),(20100916,74,10,68,173,72208.3),(20100916,74,10,255,136,32505.3),(20100916,74,10,361,387,118201),(20100918,68,4,78,58,11770.4),(20100918,68,4,323,321,100659),(20100918,68,4,353,332,85612.3),(20100918,68,4,411,221,59157.8),(20100918,68,4,485,67,15756.1),(20100926,17,44,26,319,83565.1),(20100926,17,44,71,205,68617.3),(20100926,17,44,118,231,89063.9),(20100926,17,44,161,342,52048.8),(20100926,17,44,334,30,12816.7),(20100926,17,44,344,146,59066),(20100926,17,44,480,108,12297.9);
/*!40000 ALTER TABLE `Ventas` ENABLE KEYS */;
UNLOCK TABLES;
/*!40103 SET TIME_ZONE=@OLD_TIME_ZONE */;

/*!40101 SET SQL_MODE=@OLD_SQL_MODE */;
/*!40014 SET FOREIGN_KEY_CHECKS=@OLD_FOREIGN_KEY_CHECKS */;
/*!40014 SET UNIQUE_CHECKS=@OLD_UNIQUE_CHECKS */;
/*!40101 SET CHARACTER_SET_CLIENT=@OLD_CHARACTER_SET_CLIENT */;
/*!40101 SET CHARACTER_SET_RESULTS=@OLD_CHARACTER_SET_RESULTS */;
/*!40101 SET COLLATION_CONNECTION=@OLD_COLLATION_CONNECTION */;
/*!40111 SET SQL_NOTES=@OLD_SQL_NOTES */;

-- Dump completed on 2013-04-28 11:13:52
