<Comments>
	<Comment>
		<CommentID>29</CommentID>
		<ProductID>4023</ProductID>
		<CustomerID>9711</CustomerID>
		<Message>Customer wants to know if this product can 
be special ordered in bright pink or bright orange.</Message>
		<ResponseRequested>Yes</ResponseRequested>
	</Comment>
	<Comment>
		<CommentID>100</CommentID>
		<ProductID>4023</ProductID>
		<CustomerID>4309</CustomerID>
		<Message>Buckle broke after only 3 months of use.  Refund requested.</Message>
		<ResponseRequested>Yes</ResponseRequested>
	</Comment>
</Comments>
